Workbook

Sheet Soil_Classes
B3: SOC Level (t/ha) | C3: 0-10 | D3: 10-30 | E3: 30-50 | F3: 50-70 | G3: 70+
B4: SOC Class | C4: Severely Degraded | D4: Degraded | E4: Moderate | F4: Fertile | G4: Very Fertile
B5: % Samples | C5: 0.008547 | D5: 0.401709 | E5: 0.350427 | F5: 0.119658 | G5: 0.119658

Sheet Area_Phases
B2: Cropland and Grassland (Axam and Ecobliss)
B3: Year | C3: Area Covered (%)
B4: 1 | C4: 0.15
B5: 2 | C5: 0.2
B6: 3 | C6: 0.25
B7: 4 | C7: 0.25
B8: 5 | C8: 0.15
C9: 1
B11: Cropland Area (ha) | C11: 41544.262
B12: Grassland Area (ha) | C12: 23461.428
B13: Agroforestry (ha) | C13: =0.3 * C11 -> 12463.279
C15: =C11+C12 -> 65005.69

Sheet Croplands
C2: Absolute SOC levels (project scenario) (t/ha) | H2: Absolute SOC levels (baseline scenario) (t/ha) | N2: Δ SOC (tCO2e/ha) | S2: Net Δ SOC (tCO2e/ha) | T2: Areal implementation phases | Y2: Year | Z2: Est. tCO2e
B3: Year | C3: Severely Degraded | D3: Degraded | E3: Moderate | F3: Fertile | G3: Very Fertile | H3: Severely Degraded | I3: Degraded | J3: Moderate | K3: Fertile | L3: Very Fertile | M3: Year | N3: Severely Degraded | O3: Degraded | P3: Moderate | Q3: Fertile | R3: Very Fertile | S3: Start year --> | T3: Y1 | U3: Y2 | V3: Y3 | W3: Y4 | X3: Y5
B4: 1 | C4: 9.6973817 | D4: 20.72279 | E4: 38.052407 | F4: 57.390836 | G4: 92.047877 | H4: 9.7015612 | I4: 20.733322 | J4: 38.050779 | K4: 57.387428 | L4: 92.050112 | M4: (sample proportions -->) | N4: =Soil_Classes!C5 -> 0.008547 | O4: =Soil_Classes!D5 -> 0.401709 | P4: =Soil_Classes!E5 -> 0.350427 | Q4: =Soil_Classes!F5 -> 0.119658 | R4: =Soil_Classes!G5 -> 0.119658 | S4: Area covered --> | T4: =Area_Phases!C11 *Area_Phases!C4 -> 6231.6393 | U4: =Area_Phases!C11*Area_Phases!C5 -> 8308.8524 | V4: =Area_Phases!C11 *Area_Phases!C6 -> 10386.066 | W4: =Area_Phases!C11 * Area_Phases!C7 -> 10386.066 | X4: =Area_Phases!C11 * Area_Phases!C8 -> 6231.6393
B5: 2026 | C5: 10.831267 | D5: 21.698338 | E5: 38.869618 | F5: 58.04971 | G5: 92.548413 | H5: 9.7015603 | I5: 20.733322 | J5: 38.050778 | K5: 57.387427 | L5: 92.050111 | M5: 2026 | N5: =((C5-H5)-(C4-H4))*44/12 -> 4.1575847 | O5: =((D5-I5)-(D4-I4))*44/12 -> 3.5770141 | P5: =((E5-J5)-(E4-J4))*44/12 -> 2.9964435 | Q5: =((F5-K5)-(F4-K4))*44/12 -> 2.4158728 | R5: =((G5-L5)-(G4-L4))*44/12 -> 1.8353022 | S5: =N5*$N$4+O5*$O$4+P5*$P$4+Q5*$Q$4+R5*$R$4 -> 3.0311754 | T5: =$S5*T$4 -> 18889.192 | Y5: 2026 | Z5: =SUM(T5:X5) -> 18889.192
B6: 2027 | C6: 11.694776 | D6: 22.442295 | E6: 39.494876 | F6: 58.555415 | G6: 92.934567 | H6: 9.7015593 | I6: 20.733321 | J6: 38.050777 | K6: 57.387426 | L6: 92.05011 | M6: 2027 | N6: =((C6-H6)-(C5-H5))*44/12 -> 3.1662022 | O6: =((D6-I6)-(D5-I5))*44/12 -> 2.7278447 | P6: =((E6-J6)-(E5-J5))*44/12 -> 2.2926152 | Q6: =((F6-K6)-(F5-K5))*44/12 -> 1.8542576 | R6: =((G6-L6)-(G5-L5))*44/12 -> 1.4159 | S6: =N6*$N$4+O6*$O$4+P6*$P$4+Q6*$Q$4+R6*$R$4 -> 2.3175561 | T6: =$S6*T$4 -> 14442.174 | U6: =$S5*U$4 -> 25185.589 | Y6: 2027 | Z6: =SUM(T6:X6) -> 39627.763
B7: 2028 | C7: 12.444921 | D7: 23.087901 | E7: 40.036538 | F7: 58.993392 | G7: 93.269712 | H7: 9.7015584 | I7: 20.73332 | J7: 38.050776 | K7: 57.387425 | L7: 92.050109 | M7: 2028 | N7: =((C7-H7)-(C6-H6))*44/12 -> 2.7505335 | O7: =((D7-I7)-(D6-I6))*44/12 -> 2.3672273 | P7: =((E7-J7)-(E6-J6))*44/12 -> 1.9860975 | Q7: =((F7-K7)-(F6-K6))*44/12 -> 1.6059194 | R7: =((G7-L7)-(G6-L6))*44/12 -> 1.2288694 | S7: =N7*$N$4+O7*$O$4+P7*$P$4+Q7*$Q$4+R7*$R$4 -> 2.0096327 | T7: =$S7*T$4 -> 12523.306 | U7: =$S6*U$4 -> 19256.231 | V7: =$S5*V$4 -> 31481.987 | Y7: 2028 | Z7: =SUM(T7:X7) -> 63261.524
B8: 2029 | C8: 13.107563 | D8: 23.65831 | E8: 40.515201 | F8: 59.380415 | G8: 93.564835 | H8: 9.7015575 | I8: 20.733319 | J8: 38.050775 | K8: 57.387424 | L8: 92.050108 | M8: 2029 | N8: =((C8-H8)-(C7-H7))*44/12 -> 2.4296934 | O8: =((D8-I8)-(D7-I7))*44/12 -> 2.0915043 | P8: =((E8-J8)-(E7-J7))*44/12 -> 1.7550997 | Q8: =((F8-K8)-(F7-K7))*44/12 -> 1.4190871 | R8: =((G8-L8)-(G7-L7))*44/12 -> 1.0821228 | S8: =N8*$N$4+O8*$O$4+P8*$P$4+Q8*$Q$4+R8*$R$4 -> 1.7752668 | T8: =$S8*T$4 -> 11062.822 | U8: =$S7*U$4 -> 16697.741 | V8: =$S6*V$4 -> 24070.289 | W8: =$S5*W$4 -> 31481.987 | Y8: 2029 | Z8: =SUM(T8:X8) -> 83312.84
B9: 2030 | C9: 13.701338 | D9: 24.169445 | E9: 40.944102 | F9: 59.727163 | G9: 93.830176 | H9: 9.7015565 | I9: 20.733318 | J9: 38.050774 | K9: 57.387423 | L9: 92.050108 | M9: 2030 | N9: =((C9-H9)-(C8-H8))*44/12 -> 2.1771753 | O9: =((D9-I9)-(D8-I8))*44/12 -> 1.8741618 | P9: =((E9-J9)-(E8-J8))*44/12 -> 1.5726413 | Q9: =((F9-K9)-(F8-K8))*44/12 -> 1.2714124 | R9: =((G9-L9)-(G8-L8))*44/12 -> 0.97291968 | S9: =N9*$N$4+O9*$O$4+P9*$P$4+Q9*$Q$4+R9*$R$4 -> 1.5911242 | T9: =$S9*T$4 -> 9915.3123 | U9: =$S8*U$4 -> 14750.43 | V9: =$S7*V$4 -> 20872.177 | W9: =$S6*W$4 -> 24070.289 | X9: =$S5*X$4 -> 18889.192 | Y9: 2030 | Z9: =SUM(T9:X9) -> 88497.4
B10: 2031 | C10: 14.24208 | D10: 24.635292 | E10: 41.33455 | F10: 60.042271 | G10: 94.071311 | H10: 9.7015557 | I10: 20.733317 | J10: 38.050773 | K10: 57.387422 | L10: 92.050107 | M10: 2031 | N10: =((C10-H10)-(C9-H9))*44/12 -> 1.9827238 | O10: =((D10-I10)-(D9-I9))*44/12 -> 1.7081116 | P10: =((E10-J10)-(E9-J9))*44/12 -> 1.4316456 | Q10: =((F10-K10)-(F9-K9))*44/12 -> 1.155398 | R10: =((G10-L10)-(G9-L9))*44/12 -> 0.88416337 | S10: =N10*$N$4+O10*$O$4+P10*$P$4+Q10*$Q$4+R10*$R$4 -> 1.4488472 | T10: =$S10*T$4 -> 9028.6933 | U10: =$S9*U$4 -> 13220.416 | V10: =$S8*V$4 -> 18438.037 | W10: =$S7*W$4 -> 20872.177 | X10: =$S6*X$4 -> 14442.174 | Y10: 2031 | Z10: =SUM(T10:X10) -> 76001.497
B11: 2032 | C11: 14.74188 | D11: 25.065784 | E11: 41.694589 | F11: 60.333608 | G11: 94.29326 | H11: 9.7015548 | I11: 20.733316 | J11: 38.050772 | K11: 57.387421 | L11: 92.050106 | M11: 2032 | N11: =((C11-H11)-(C10-H10))*44/12 -> 1.8326064 | O11: =((D11-I11)-(D10-I10))*44/12 -> 1.5784733 | P11: =((E11-J11)-(E10-J10))*44/12 -> 1.3201453 | Q11: =((F11-K11)-(F10-K10))*44/12 -> 1.0682382 | R11: =((G11-L11)-(G10-L10))*44/12 -> 0.81381739 | S11: =N11*$N$4+O11*$O$4+P11*$P$4+Q11*$Q$4+R11*$R$4 -> 1.3375678 | T11: =$S11*T$4 -> 8335.2399 | U11: =$S10*U$4 -> 12038.258 | V11: =$S9*V$4 -> 16525.52 | W11: =$S8*W$4 -> 18438.037 | X11: =$S7*X$4 -> 12523.306 | Y11: 2032 | Z11: =SUM(T11:X11) -> 67860.361
B12: 2033 | C12: 15.210307 | D12: 25.468126 | E12: 42.031739 | F12: 60.605935 | G12: 94.500426 | H12: 9.7015539 | I12: 20.733315 | J12: 38.050771 | K12: 57.387421 | L12: 92.050105 | M12: 2033 | N12: =((C12-H12)-(C11-H11))*44/12 -> 1.7175687 | O12: =((D12-I12)-(D11-I11))*44/12 -> 1.4752549 | P12: =((E12-J12)-(E11-J11))*44/12 -> 1.2362209 | Q12: =((F12-K12)-(F11-K11))*44/12 -> 0.99853676 | R12: =((G12-L12)-(G11-L11))*44/12 -> 0.75961245 | S12: =N12*$N$4+O12*$O$4+P12*$P$4+Q12*$Q$4+R12*$R$4 -> 1.250885 | T12: =$S12*T$4 -> 7795.0643 | U12: =$S11*U$4 -> 11113.653 | V12: =$S10*V$4 -> 15047.822 | W12: =$S9*W$4 -> 16525.52 | X12: =$S8*X$4 -> 11062.822 | Y12: 2033 | Z12: =SUM(T12:X12) -> 61544.882
B13: 2034 | C13: 15.652562 | D13: 25.848368 | E13: 42.350506 | F13: 60.863632 | G13: 94.6968 | H13: 9.7015531 | I13: 20.733314 | J13: 38.05077 | K13: 57.38742 | L13: 92.050104 | M13: 2034 | N13: =((C13-H13)-(C12-H12))*44/12 -> 1.6216024 | O13: =((D13-I13)-(D12-I12))*44/12 -> 1.394226 | P13: =((E13-J13)-(E12-J12))*44/12 -> 1.1688143 | Q13: =((F13-K13)-(F12-K12))*44/12 -> 0.94489076 | R13: =((G13-L13)-(G12-L12))*44/12 -> 0.72004046 | S13: =N13*$N$4+O13*$O$4+P13*$P$4+Q13*$Q$4+R13*$R$4 -> 1.1827394 | T13: =$S13*T$4 -> 7370.4051 | U13: =$S12*U$4 -> 10393.419 | V13: =$S11*V$4 -> 13892.066 | W13: =$S10*W$4 -> 15047.822 | X13: =$S9*X$4 -> 9915.3123 | Y13: 2034 | Z13: =SUM(T13:X13) -> 56619.025
B14: 2035 | C14: 16.075899 | D14: 26.211676 | E14: 42.654225 | F14: 61.108964 | G14: 94.883555 | H14: 9.7015523 | I14: 20.733313 | J14: 38.05077 | K14: 57.387419 | L14: 92.050103 | M14: 2035 | N14: =((C14-H14)-(C13-H13))*44/12 -> 1.5522377 | O14: =((D14-I14)-(D13-I13))*44/12 -> 1.3321307 | P14: =((E14-J14)-(E13-J13))*44/12 -> 1.113641 | Q14: =((F14-K14)-(F13-K13))*44/12 -> 0.8995544 | R14: =((G14-L14)-(G13-L13))*44/12 -> 0.68477062 | S14: =N14*$N$4+O14*$O$4+P14*$P$4+Q14*$Q$4+R14*$R$4 -> 1.1282229 | T14: =$S14*T$4 -> 7030.6782 | U14: =$S13*U$4 -> 9827.2068 | V14: =$S12*V$4 -> 12991.774 | W14: =$S11*W$4 -> 13892.066 | X14: =$S10*X$4 -> 9028.6933 | Y14: 2035 | Z14: =SUM(T14:X14) -> 52770.419
B15: 2036 | C15: 16.483653 | D15: 26.56175 | E15: 42.94699 | F15: 61.345316 | G15: 95.063351 | H15: 9.7015515 | I15: 20.733313 | J15: 38.050769 | K15: 57.387418 | L15: 92.050102 | M15: 2036 | N15: =((C15-H15)-(C14-H14))*44/12 -> 1.4951035 | O15: =((D15-I15)-(D14-I14))*44/12 -> 1.2836084 | P15: =((E15-J15)-(E14-J14))*44/12 -> 1.0734729 | Q15: =((F15-K15)-(F14-K14))*44/12 -> 0.86662729 | R15: =((G15-L15)-(G14-L14))*44/12 -> 0.6592537 | S15: =N15*$N$4+O15*$O$4+P15*$P$4+Q15*$Q$4+R15*$R$4 -> 1.0871735 | T15: =$S15*T$4 -> 6774.8728 | U15: =$S14*U$4 -> 9374.2377 | V15: =$S13*V$4 -> 12284.009 | W15: =$S12*W$4 -> 12991.774 | X15: =$S11*X$4 -> 8335.2399 | Y15: 2036 | Z15: =SUM(T15:X15) -> 49760.133
B16: 2037 | C16: 16.878384 | D16: 26.901295 | E16: 43.231668 | F16: 61.575031 | G16: 95.237993 | H16: 9.7015507 | I16: 20.733312 | J16: 38.050768 | K16: 57.387417 | L16: 92.050102 | M16: 2037 | N16: =((C16-H16)-(C15-H15))*44/12 -> 1.4473472 | O16: =((D16-I16)-(D15-I15))*44/12 -> 1.2450022 | P16: =((E16-J16)-(E15-J15))*44/12 -> 1.043824 | Q16: =((F16-K16)-(F15-K15))*44/12 -> 0.84229272 | R16: =((G16-L16)-(G15-L15))*44/12 -> 0.64035853 | S16: =N16*$N$4+O16*$O$4+P16*$P$4+Q16*$Q$4+R16*$R$4 -> 1.0556942 | T16: =$S16*T$4 -> 6578.7057 | U16: =$S15*U$4 -> 9033.1637 | V16: =$S14*V$4 -> 11717.797 | W16: =$S13*W$4 -> 12284.009 | X16: =$S12*X$4 -> 7795.0643 | Y16: 2037 | Z16: =SUM(T16:X16) -> 47408.739
B17: 2038 | C17: 17.263605 | D17: 27.232276 | E17: 43.508687 | F17: 61.798146 | G17: 95.408826 | H17: 9.7015499 | I17: 20.733311 | J17: 38.050767 | K17: 57.387417 | L17: 92.050101 | M17: 2038 | N17: =((C17-H17)-(C16-H16))*44/12 -> 1.4124831 | O17: =((D17-I17)-(D16-I16))*44/12 -> 1.2136004 | P17: =((E17-J17)-(E16-J16))*44/12 -> 1.0157395 | Q17: =((F17-K17)-(F16-K16))*44/12 -> 0.8180912 | R17: =((G17-L17)-(G16-L16))*44/12 -> 0.62638892 | S17: =N17*$N$4+O17*$O$4+P17*$P$4+Q17*$Q$4+R17*$R$4 -> 1.0283729 | T17: =$S17*T$4 -> 6408.4487 | U17: =$S16*U$4 -> 8771.6077 | V17: =$S15*V$4 -> 11291.455 | W17: =$S14*W$4 -> 11717.797 | X17: =$S13*X$4 -> 7370.4051 | Y17: 2038 | Z17: =SUM(T17:X17) -> 45559.713
B18: 2039 | C18: 17.641761 | D18: 27.556962 | E18: 43.780153 | F18: 62.01733 | G18: 95.575142 | H18: 9.7015491 | I18: 20.73331 | J18: 38.050766 | K18: 57.387416 | L18: 92.0501 | M18: 2039 | N18: =((C18-H18)-(C17-H17))*44/12 -> 1.3865728 | O18: =((D18-I18)-(D17-I17))*44/12 -> 1.1905187 | P18: =((E18-J18)-(E17-J17))*44/12 -> 0.99537621 | Q18: =((F18-K18)-(F17-K17))*44/12 -> 0.80367489 | R18: =((G18-L18)-(G17-L17))*44/12 -> 0.60982908 | S18: =N18*$N$4+O18*$O$4+P18*$P$4+Q18*$Q$4+R18*$R$4 -> 1.0080369 | T18: =$S18*T$4 -> 6281.7221 | U18: =$S17*U$4 -> 8544.5982 | V18: =$S16*V$4 -> 10964.51 | W18: =$S15*W$4 -> 11291.455 | X18: =$S14*X$4 -> 7030.6782 | Y18: 2039 | Z18: =SUM(T18:X18) -> 44112.963
B19: 2040 | C19: 18.013813 | D19: 27.876102 | E19: 44.047459 | F19: 62.232647 | G19: 95.739058 | H19: 9.7015484 | I19: 20.733309 | J19: 38.050766 | K19: 57.387415 | L19: 92.050099 | M19: 2040 | N19: =((C19-H19)-(C18-H18))*44/12 -> 1.364195 | O19: =((D19-I19)-(D18-I18))*44/12 -> 1.1701828 | P19: =((E19-J19)-(E18-J18))*44/12 -> 0.98012615 | Q19: =((F19-K19)-(F18-K18))*44/12 -> 0.7895009 | R19: =((G19-L19)-(G18-L18))*44/12 -> 0.60103015 | S19: =N19*$N$4+O19*$O$4+P19*$P$4+Q19*$Q$4+R19*$R$4 -> 0.99158358 | T19: =$S19*T$4 -> 6179.1912 | U19: =$S18*U$4 -> 8375.6295 | V19: =$S17*V$4 -> 10680.748 | W19: =$S16*W$4 -> 10964.51 | X19: =$S15*X$4 -> 6774.8728 | Y19: 2040 | Z19: =SUM(T19:X19) -> 42974.951
B20: 2041 | C20: 18.381374 | D20: 28.191148 | E20: 44.310791 | F20: 62.445129 | G20: 95.901084 | H20: 9.7015476 | I20: 20.733309 | J20: 38.050765 | K20: 57.387414 | L20: 92.050099 | M20: 2041 | N20: =((C20-H20)-(C19-H19))*44/12 -> 1.3477269 | O20: =((D20-I20)-(D19-I19))*44/12 -> 1.1551709 | P20: =((E20-J20)-(E19-J19))*44/12 -> 0.96555357 | Q20: =((F20-K20)-(F19-K19))*44/12 -> 0.77910396 | R20: =((G20-L20)-(G19-L19))*44/12 -> 0.594096 | S20: =N20*$N$4+O20*$O$4+P20*$P$4+Q20*$Q$4+R20*$R$4 -> 0.97823197 | T20: =$S20*T$4 -> 6095.9888 | U20: =$S19*U$4 -> 8238.9216 | V20: =$S18*V$4 -> 10469.537 | W20: =$S17*W$4 -> 10680.748 | X20: =$S16*X$4 -> 6578.7057 | Y20: 2041 | Z20: =SUM(T20:X20) -> 42063.901
... B44: 2065 | C44: 26.705951 | D44: 35.329661 | E44: 50.274421 | F44: 67.248716 | G44: 99.549232 | H44: 9.7015334 | I44: 20.733294 | J44: 38.050751 | K44: 57.3874 | L44: 92.050084 | M44: 2065 | N44: =((C44-H44)-(C43-H43))*44/12 -> 1.2387791 | O44: =((D44-I44)-(D43-I43))*44/12 -> 1.0613502 | P44: =((E44-J44)-(E43-J43))*44/12 -> 0.88590079 | Q44: =((F44-K44)-(F43-K43))*44/12 -> 0.71423811 | R44: =((G44-L44)-(G43-L43))*44/12 -> 0.54231014 | S44: =N44*$N$4+O44*$O$4+P44*$P$4+Q44*$Q$4+R44*$R$4 -> 0.89774139 | T44: =$S44*T$4 -> 5594.4006 | U44: =$S43*U$4 -> 7466.6503 | V44: =$S42*V$4 -> 9356.0688 | W44: =$S41*W$4 -> 9377.7234 | X44: =$S40*X$4 -> 5638.4108 | Y44: 2065 | Z44: =SUM(T44:X44) -> 37433.254
Y46: Total: | Z46: =SUM(Z5:Z44) -> 1808233.2

Sheet Grasslands
B2: Year | C2: Absolute SOC (project scenario) (t/ha) | D2: Absolute SOC (baseline scenario) (t/ha) | E2: Δ SOC (tCO2e/ha) | F2: Areal implementation phases | K2: Year | L2: Est. tCO2e
E3: Start year --> | F3: Y1 | G3: Y2 | H3: Y3 | I3: Y4 | J3: Y5
B4: 1 | C4: 41.758655 | D4: 33.506315 | E4: Area covered --> | F4: =Area_Phases!$C$12 * Area_Phases!$C4 -> 3519.2142 | G4: =Area_Phases!$C$12 * Area_Phases!$C5 -> 4692.2856 | H4: =Area_Phases!$C$12 * Area_Phases!$C6 -> 5865.357 | I4: =Area_Phases!$C$12 * Area_Phases!$C7 -> 5865.357 | J4: =Area_Phases!$C$12 * Area_Phases!$C8 -> 3519.2142
B5: 2026 | C5: 42.418834 | D5: 33.737377 | E5: =((C5-D5)-(C4-D4))*44/12 -> 1.5734292 | F5: =$E5*F$4 -> 5537.2344 | K5: 2026 | L5: =SUM(F5:J5) -> 5537.2344
B6: 2027 | C6: 43.097605 | D6: 34.03982 | E6: =((C6-D6)-(C5-D5))*44/12 -> 1.3798682 | F6: =$E6*F$4 -> 4856.0516 | G6: =$E5*G$4 -> 7382.9792 | K6: 2027 | L6: =SUM(F6:J6) -> 12239.031
B7: 2028 | C7: 43.674859 | D7: 34.293388 | E7: =((C7-D7)-(C6-D6))*44/12 -> 1.1868509 | F7: =$E7*F$4 -> 4176.7825 | G7: =$E6*G$4 -> 6474.7355 | H7: =$E5*H$4 -> 9228.724 | K7: 2028 | L7: =SUM(F7:J7) -> 19880.242
B8: 2029 | C8: 44.178961 | D8: 34.514764 | E8: =((C8-D8)-(C7-D7))*44/12 -> 1.0366571 | F8: =$E8*F$4 -> 3648.2183 | G8: =$E7*G$4 -> 5569.0433 | H8: =$E6*H$4 -> 8093.4193 | I8: =$E5*I$4 -> 9228.724 | K8: 2029 | L8: =SUM(F8:J8) -> 26539.405
B9: 2030 | C9: 44.626861 | D9: 34.711158 | E9: =((C9-D9)-(C8-D8))*44/12 -> 0.92219088 | F9: =$E9*F$4 -> 3245.3873 | G9: =$E8*G$4 -> 4864.2911 | H9: =$E7*H$4 -> 6961.3041 | I9: =$E6*I$4 -> 8093.4193 | J9: =$E5*J$4 -> 5537.2344 | K9: 2030 | L9: =SUM(F9:J9) -> 28701.636
B10: 2031 | C10: 45.030675 | D10: 34.88775 | E10: =((C10-D10)-(C9-D9))*44/12 -> 0.83314737 | F10: =$E10*F$4 -> 2932.0241 | G10: =$E9*G$4 -> 4327.183 | H10: =$E8*H$4 -> 6080.3639 | I10: =$E7*I$4 -> 6961.3041 | J10: =$E6*J$4 -> 4856.0516 | K10: 2031 | L10: =SUM(F10:J10) -> 25156.927
B11: 2032 | C11: 45.399123 | D11: 35.048257 | E11: =((C11-D11)-(C10-D10))*44/12 -> 0.76244893 | F11: =$E11*F$4 -> 2683.2211 | G11: =$E10*G$4 -> 3909.3654 | H11: =$E9*H$4 -> 5408.9788 | I11: =$E8*I$4 -> 6080.3639 | J11: =$E7*J$4 -> 4176.7825 | K11: 2032 | L11: =SUM(F11:J11) -> 22258.712
B12: 2033 | C12: 45.740425 | D12: 35.197328 | E12: =((C12-D12)-(C11-D11))*44/12 -> 0.70484767 | F12: =$E12*F$4 -> 2480.5099 | G12: =$E11*G$4 -> 3577.6281 | H12: =$E10*H$4 -> 4886.7068 | I12: =$E9*I$4 -> 5408.9788 | J12: =$E8*J$4 -> 3648.2183 | K12: 2033 | L12: =SUM(F12:J12) -> 20002.042
B13: 2034 | C13: 46.059388 | D13: 35.336246 | E13: =((C13-D13)-(C12-D12))*44/12 -> 0.66016628 | F13: =$E13*F$4 -> 2323.2665 | G13: =$E12*G$4 -> 3307.3466 | H13: =$E11*H$4 -> 4472.0352 | I13: =$E10*I$4 -> 4886.7068 | J13: =$E9*J$4 -> 3245.3873 | K13: 2034 | L13: =SUM(F13:J13) -> 18234.742
B14: 2035 | C14: 46.362455 | D14: 35.467971 | E14: =((C14-D14)-(C13-D13))*44/12 -> 0.6282535 | F14: =$E14*F$4 -> 2210.9587 | G14: =$E13*G$4 -> 3097.6887 | H14: =$E12*H$4 -> 4134.1832 | I14: =$E11*I$4 -> 4472.0352 | J14: =$E10*J$4 -> 2932.0241 | K14: 2035 | L14: =SUM(F14:J14) -> 16846.89
B15: 2036 | C15: 46.651155 | D15: 35.593554 | E15: =((C15-D15)-(C14-D14))*44/12 -> 0.59809914 | F15: =$E15*F$4 -> 2104.839 | G15: =$E14*G$4 -> 2947.9449 | H15: =$E13*H$4 -> 3872.1109 | I15: =$E12*I$4 -> 4134.1832 | J15: =$E11*J$4 -> 2683.2211 | K15: 2036 | L15: =SUM(F15:J15) -> 15742.299
B16: 2037 | C16: 46.930645 | D16: 35.714773 | E16: =((C16-D16)-(C15-D15))*44/12 -> 0.58032504 | F16: =$E16*F$4 -> 2042.2881 | G16: =$E15*G$4 -> 2806.452 | H16: =$E14*H$4 -> 3684.9311 | I16: =$E13*I$4 -> 3872.1109 | J16: =$E12*J$4 -> 2480.5099 | K16: 2037 | L16: =SUM(F16:J16) -> 14886.292
B17: 2038 | C17: 47.201507 | D17: 35.831867 | E17: =((C17-D17)-(C16-D16))*44/12 -> 0.56381545 | F17: =$E17*F$4 -> 1984.1873 | G17: =$E16*G$4 -> 2723.0508 | H17: =$E15*H$4 -> 3508.065 | I17: =$E14*I$4 -> 3684.9311 | J17: =$E13*J$4 -> 2323.2665 | K17: 2038 | L17: =SUM(F17:J17) -> 14223.501
B18: 2039 | C18: 47.467247 | D18: 35.94602 | E18: =((C18-D18)-(C17-D17))*44/12 -> 0.55581949 | F18: =$E18*F$4 -> 1956.0479 | G18: =$E17*G$4 -> 2645.5831 | H18: =$E16*H$4 -> 3403.8136 | I18: =$E15*I$4 -> 3508.065 | J18: =$E14*J$4 -> 2210.9587 | K18: 2039 | L18: =SUM(F18:J18) -> 13724.468
B19: 2040 | C19: 47.727295 | D19: 36.058043 | E19: =((C19-D19)-(C18-D18))*44/12 -> 0.54275959 | F19: =$E19*F$4 -> 1910.0873 | G19: =$E18*G$4 -> 2608.0638 | H19: =$E17*H$4 -> 3306.9789 | I19: =$E16*I$4 -> 3403.8136 | J19: =$E15*J$4 -> 2104.839 | K19: 2040 | L19: =SUM(F19:J19) -> 13333.783
B20: 2041 | C20: 47.983307 | D20: 36.16853 | E20: =((C20-D20)-(C19-D19))*44/12 -> 0.5335899 | F20: =$E20*F$4 -> 1877.8172 | G20: =$E19*G$4 -> 2546.783 | H20: =$E18*H$4 -> 3260.0798 | I20: =$E17*I$4 -> 3306.9789 | J20: =$E16*J$4 -> 2042.2881 | K20: 2041 | L20: =SUM(F20:J20) -> 13033.947
... B44: 2065 | C44: 53.80873 | D44: 38.684816 | E44: =((C44-D44)-(C43-D43))*44/12 -> 0.49190103 | F44: =$E44*F$4 -> 1731.1051 | G44: =$E43*G$4 -> 2335.0326 | H44: =$E42*H$4 -> 2936.9112 | I44: =$E41*I$4 -> 2899.3676 | J44: =$E40*J$4 -> 1762.2759 | K44: 2065 | L44: =SUM(F44:J44) -> 11664.692
K46: Total: | L46: =SUM(L5:L44) -> 567291.66

Sheet Agroforestry
B2: Year | C2: Δ CTREE,wp,t per ha (t CO2e/ha) | D2: Est. tCO2e
C3: Area --> | D3: =Area_Phases!C13 -> 12463.279
B4: 2026 | C4: 0.048123997 | D4: =C4*$D$3 -> 599.78278
B5: 2027 | C5: 0.045258246 | D5: =C5*$D$3 -> 564.06613
B6: 2028 | C6: 0.061848391 | D6: =C6*$D$3 -> 770.83373
B7: 2029 | C7: 0.13000021 | D7: =C7*$D$3 -> 1620.2289
B8: 2030 | C8: 0.25751098 | D8: =C8*$D$3 -> 3209.4311
B9: 2031 | C9: 0.48123169 | D9: =C9*$D$3 -> 5997.7247
B10: 2032 | C10: 0.79855004 | D10: =C10*$D$3 -> 9952.5516
B11: 2033 | C11: 1.1250196 | D11: =C11*$D$3 -> 14021.433
B12: 2034 | C12: 1.335488 | D12: =C12*$D$3 -> 16644.559
B13: 2035 | C13: 1.390836 | D13: =C13*$D$3 -> 17334.377
B14: 2036 | C14: 1.3662518 | D14: =C14*$D$3 -> 17027.977
B15: 2037 | C15: 1.3645812 | D15: =C15*$D$3 -> 17007.155
... B43: 2065 | C43: 1.4923064 | D43: =C43*$D$3 -> 18599.03
C45: Total: | D45: =SUM(D4:D43) -> 1037041.1

Sheet QA3
A2: Year | B2: N2O ERs Burning (tCO2e/ha) | C2: CH4 ERs Burning (tCO2e/ha) | D2: Fertilizer ERs (tCO2e/ha) | E2: ERs fossil fuels (tCO2e) | F2: Net ERs (tCO2e)
E3: Cropland Area --> | F3: =Area_Phases!C11 -> 41544.262
A4: 2026 | B4: 0.18989305 | C4: 0.2504 | D4: 0.2535776 | E4: 446.96 | F4: =SUM(B4:D4)*$F$3 + E4 -> 29273.304
A5: 2027 | B5: 0.18989305 | C5: 0.2504 | D5: 0.2535776 | E5: 446.96 | F5: =SUM(B5:D5)*$F$3 + E5 -> 29273.304
A6: 2028 | B6: 0.18989305 | C6: 0.2504 | D6: 0.2535776 | E6: 446.96 | F6: =SUM(B6:D6)*$F$3 + E6 -> 29273.304
A7: 2029 | B7: 0.18989305 | C7: 0.2504 | D7: 0.2535776 | E7: 446.96 | F7: =SUM(B7:D7)*$F$3 + E7 -> 29273.304
A8: 2030 | B8: 0.18989305 | C8: 0.2504 | D8: 0.2535776 | E8: 446.96 | F8: =SUM(B8:D8)*$F$3 + E8 -> 29273.304
A9: 2031 | B9: 0.18989305 | C9: 0.2504 | D9: 0.2535776 | E9: 446.96 | F9: =SUM(B9:D9)*$F$3 + E9 -> 29273.304
A10: 2032 | B10: 0.18989305 | C10: 0.2504 | D10: 0.2535776 | E10: 446.96 | F10: =SUM(B10:D10)*$F$3 + E10 -> 29273.304
A11: 2033 | B11: 0.18989305 | C11: 0.2504 | D11: 0.2535776 | E11: 446.96 | F11: =SUM(B11:D11)*$F$3 + E11 -> 29273.304
A12: 2034 | B12: 0.18989305 | C12: 0.2504 | D12: 0.2535776 | E12: 446.96 | F12: =SUM(B12:D12)*$F$3 + E12 -> 29273.304
A13: 2035 | B13: 0.18989305 | C13: 0.2504 | D13: 0.2535776 | E13: 446.96 | F13: =SUM(B13:D13)*$F$3 + E13 -> 29273.304
A14: 2036 | B14: 0.18989305 | C14: 0.2504 | D14: 0.2535776 | E14: 446.96 | F14: =SUM(B14:D14)*$F$3 + E14 -> 29273.304
A15: 2037 | B15: 0.18989305 | C15: 0.2504 | D15: 0.2535776 | E15: 446.96 | F15: =SUM(B15:D15)*$F$3 + E15 -> 29273.304
... A43: 2065 | B43: 0.18989305 | C43: 0.2504 | D43: 0.2535776 | E43: 446.96 | F43: =SUM(B43:D43)*$F$3 + E43 -> 29273.304

Sheet Total
B2: Year | C2: Croplands | D2: Grasslands | E2: Agroforestry | F2: QA3
G4: Vintage Period | H4: Estimated baseline emissions (tCO2e) | I4: Estimated project emissions (tCO2e) | J4: Estimated leakage emissions (tCO2e) | K4: Estimated buffer pool allocation (tCO2e) | L4: Estimated Reduction VCUs (tCO2e) | M4: Estimated Removal VCUs (tCO2e) | N4: Estimated total VCU issuance (tCO2e)
B5: 2026 | C5: =Croplands!Z5 -> 18889.192 | D5: =Grasslands!L5 -> 5537.2344 | E5: =Agroforestry!D4 -> 599.78278 | F5: ='QA3'!F4 -> 29273.304 | G5: 2026 | H5: n/a | I5: n/a | J5: 0 | K5: =0.2 * (L5+M5) -> 10859.903 | L5: =F5 -> 29273.304 | M5: =E5+D5+C5 -> 25026.209 | N5: =M5+L5-K5 -> 43439.611
B6: 2027 | C6: =Croplands!Z6 -> 39627.763 | D6: =Grasslands!L6 -> 12239.031 | E6: =Agroforestry!D5 -> 564.06613 | F6: ='QA3'!F5 -> 29273.304 | G6: 2027 | H6: n/a | I6: n/a | J6: 0 | K6: =0.2 * (L6+M6) -> 16340.833 | L6: =F6 -> 29273.304 | M6: =E6+D6+C6 -> 52430.86 | N6: =M6+L6-K6 -> 65363.331
B7: 2028 | C7: =Croplands!Z7 -> 63261.524 | D7: =Grasslands!L7 -> 19880.242 | E7: =Agroforestry!D6 -> 770.83373 | F7: ='QA3'!F6 -> 29273.304 | G7: 2028 | H7: n/a | I7: n/a | J7: 0 | K7: =0.2 * (L7+M7) -> 22637.181 | L7: =F7 -> 29273.304 | M7: =E7+D7+C7 -> 83912.6 | N7: =M7+L7-K7 -> 90548.723
B8: 2029 | C8: =Croplands!Z8 -> 83312.84 | D8: =Grasslands!L8 -> 26539.405 | E8: =Agroforestry!D7 -> 1620.2289 | F8: ='QA3'!F7 -> 29273.304 | G8: 2029 | H8: n/a | I8: n/a | J8: 0 | K8: =0.2 * (L8+M8) -> 28149.155 | L8: =F8 -> 29273.304 | M8: =E8+D8+C8 -> 111472.47 | N8: =M8+L8-K8 -> 112596.62
B9: 2030 | C9: =Croplands!Z9 -> 88497.4 | D9: =Grasslands!L9 -> 28701.636 | E9: =Agroforestry!D8 -> 3209.4311 | F9: ='QA3'!F8 -> 29273.304 | G9: 2030 | H9: n/a | I9: n/a | J9: 0 | K9: =0.2 * (L9+M9) -> 29936.354 | L9: =F9 -> 29273.304 | M9: =E9+D9+C9 -> 120408.47 | N9: =M9+L9-K9 -> 119745.42
B10: 2031 | C10: =Croplands!Z10 -> 76001.497 | D10: =Grasslands!L10 -> 25156.927 | E10: =Agroforestry!D9 -> 5997.7247 | F10: ='QA3'!F9 -> 29273.304 | G10: 2031 | H10: n/a | I10: n/a | J10: 0 | K10: =0.2 * (L10+M10) -> 27285.891 | L10: =F10 -> 29273.304 | M10: =E10+D10+C10 -> 107156.15 | N10: =M10+L10-K10 -> 109143.56
B11: 2032 | C11: =Croplands!Z11 -> 67860.361 | D11: =Grasslands!L11 -> 22258.712 | E11: =Agroforestry!D10 -> 9952.5516 | F11: ='QA3'!F10 -> 29273.304 | G11: 2032 | H11: n/a | I11: n/a | J11: 0 | K11: =0.2 * (L11+M11) -> 25868.986 | L11: =F11 -> 29273.304 | M11: =E11+D11+C11 -> 100071.62 | N11: =M11+L11-K11 -> 103475.94
B12: 2033 | C12: =Croplands!Z12 -> 61544.882 | D12: =Grasslands!L12 -> 20002.042 | E12: =Agroforestry!D11 -> 14021.433 | F12: ='QA3'!F11 -> 29273.304 | G12: 2033 | H12: n/a | I12: n/a | J12: 0 | K12: =0.2 * (L12+M12) -> 24968.332 | L12: =F12 -> 29273.304 | M12: =E12+D12+C12 -> 95568.357 | N12: =M12+L12-K12 -> 99873.329
B13: 2034 | C13: =Croplands!Z13 -> 56619.025 | D13: =Grasslands!L13 -> 18234.742 | E13: =Agroforestry!D12 -> 16644.559 | F13: ='QA3'!F12 -> 29273.304 | G13: 2034 | H13: n/a | I13: n/a | J13: 0 | K13: =0.2 * (L13+M13) -> 24154.326 | L13: =F13 -> 29273.304 | M13: =E13+D13+C13 -> 91498.326 | N13: =M13+L13-K13 -> 96617.304
B14: 2035 | C14: =Croplands!Z14 -> 52770.419 | D14: =Grasslands!L14 -> 16846.89 | E14: =Agroforestry!D13 -> 17334.377 | F14: ='QA3'!F13 -> 29273.304 | G14: 2035 | H14: n/a | I14: n/a | J14: 0 | K14: =0.2 * (L14+M14) -> 23244.998 | L14: =F14 -> 29273.304 | M14: =E14+D14+C14 -> 86951.686 | N14: =M14+L14-K14 -> 92979.992
B15: 2036 | C15: =Croplands!Z15 -> 49760.133 | D15: =Grasslands!L15 -> 15742.299 | E15: =Agroforestry!D14 -> 17027.977 | F15: ='QA3'!F14 -> 29273.304 | G15: 2036 | H15: n/a | I15: n/a | J15: 0 | K15: =0.2 * (L15+M15) -> 22360.743 | L15: =F15 -> 29273.304 | M15: =E15+D15+C15 -> 82530.409 | N15: =M15+L15-K15 -> 89442.97
B16: 2037 | C16: =Croplands!Z16 -> 47408.739 | D16: =Grasslands!L16 -> 14886.292 | E16: =Agroforestry!D15 -> 17007.155 | F16: ='QA3'!F15 -> 29273.304 | G16: 2037 | H16: n/a | I16: n/a | J16: 0 | K16: =0.2 * (L16+M16) -> 21715.098 | L16: =F16 -> 29273.304 | M16: =E16+D16+C16 -> 79302.187 | N16: =M16+L16-K16 -> 86860.393
... B44: 2065 | C44: =Croplands!Z44 -> 37433.254 | D44: =Grasslands!L44 -> 11664.692 | E44: =Agroforestry!D43 -> 18599.03 | F44: ='QA3'!F43 -> 29273.304 | G44: 2065 | H44: n/a | I44: n/a | J44: 0 | K44: =0.2 * (L44+M44) -> 19394.056 | L44: =F44 -> 29273.304 | M44: =E44+D44+C44 -> 67696.976 | N44: =M44+L44-K44 -> 77576.224
C45: Croplands | D45: Grasslands | E45: Agroforestry | F45: QA3 | N45: =SUM(N5:N44) -> 3666798.5
B46: Totals: | C46: =SUM(C5:C44) -> 1808233.2 | D46: =SUM(D5:D44) -> 567291.66 | E46: =SUM(E5:E44) -> 1037041.1 | F46: =SUM(F5:F44) -> 1170932.2
B48: Buffer Pool | C48: 0.2
B50: Final tCO2e: | C50: =SUM(C46:F46) * (1 - C48) -> 3666798.5
B51: credits per yr | C51: =C50/40 -> 91669.962
B52: credits per ha per yr | C52: =C51/65005.69 -> 1.4101837
B53: conservative | C53: =C52*0.8 -> 1.1281469
