Workbook

Sheet 0_ReadMe
A1: Agroforestry Quantification – Workbook Overview
A2: This workbook implements the ex-ante quantification of greenhouse gas removals from the agroforestry component of a Verra VM0042 Improved Agricultural Land Management project, using a modeled QA1 approach consistent with CDM AR-TOOL14. Workbook structure: • Tab 2 – Activity Data: Agroforestry area, species composition, spacing, and tree density inputs. • Tab 3 – Growth Inputs: Species-specific DBH and height growth trajectories and allometric equations. • Tab 4 – Biomass per ha: Conversion of per-tree biomass to per-hectare biomass, including live and dead pools. • Tab 5 – ER Results: Annual biomass CO₂e stocks and emission reductions aggregated across species and area. • Tab 6 – Literature & Citations: Sources for growth assumptions, allometric equations, and parameters. Methodological cross-references: • Verra VM0042 v2.2: QA1 modeled approach; agroforestry as eligible activity (Appendix 1); carbon stock-change accounting for biomass pools. • CDM AR-TOOL14 v4.1: Ex-ante estimation using growth models (Section 5) and biomass estimation using allometric equations and root-to-shoot ratios for BGB (Section 6).

Sheet 1_PlantingPlan
A1: Species | B1: Area (ha) | C1: Planting method | D1: Spacing in meters | E1: Suggested density (trees/ha) | F1: Total trees | G1: Actual density (trees/ha) | H1: Key conservative assumptions (agroforestry module)
A2: Cashew | B2: 4444.4444 | C2: Alley | D2: 10x10 | E2: 100 | F2: 311111.11 | G2: 70 | H2: • Baseline tree biomass on farms assumed = 0 (no pre-existing agroforestry trees credited).
A3: Dawadawa | B3: 222.22222 | C3: Alley | D3: 10x10 | E3: 100 | F3: 15555.556 | G3: 70 | H3: • All trees assumed planted in Year 1 (single cohort) unless revised in the PDD activity data section.
A4: Mango | B4: 1111.1111 | C4: Alley | D4: 10x10 | E4: 100 | F4: 87777.778 | G4: 79 | H4: • Species-specific survival curves applied; no late-period artificial survival declines.
A5: Moringa | B5: 1111.1111 | C5: Alley | D5: 10x10 | E5: 100 | F5: 87777.778 | G5: 79 | H5: • BGB included via AR-TOOL14 root-to-shoot relationships; no additional soil carbon credited in this module.
A6: Shea | B6: 1111.1111 | C6: Alley | D6: 10x10 | E6: 100 | F6: 87777.778 | G6: 79 | H6: • Retained dead biomass pool included; dead biomass decays at a conservative first-order rate (k_dead).
H7: • Carbon fraction fixed at 0.47 and CO2 conversion uses 44/12.
A10: Key Conservative Assumptions – Agroforestry Quantification
A11: • Baseline tree biomass on agricultural land assumed to be zero.
A12: • All agroforestry trees assumed planted in Year 1 (single cohort).
A13: • Species-specific survival curves applied; no artificial late-period survival declines.
A14: • Above-ground biomass, below-ground biomass, and retained dead biomass included; soil carbon, litter, and harvested wood products excluded.
A15: • Below-ground biomass estimated using AR-TOOL14 root-to-shoot relationships.
A16: • Dead biomass retained and decayed conservatively using first-order decay.
A17: • Carbon fraction fixed at 0.47; CO₂ conversion uses 44/12.
A18: • All growth parameters anchored to peer-reviewed or authoritative literature.

Sheet 2_Assumptions
A1: Parameter | B1: Value | C1: Units | D1: Notes
A2: CF_tree | B2: 0.47 | C2: t C / t d.m. | D2: Carbon fraction of dry biomass (AR-TOOL14 default).
A3: CO2_per_C | B3: 3.6666667 | C3: t CO2 / t C | D3: Convert carbon to CO2.
A4: RootShoot_Rj | B4: Rj = EXP(-1.085 + 0.9256*LN(b)) / b | C4: dimensionless | D4: Root:shoot ratio from AR-TOOL14 (b=AGB t d.m./ha).
A5: Crediting_horizon | B5: 40 | C5: years | D5: Model horizon.
A6: Allometry | B6: Chave2014: AGB=0.0673*(rho*D^2*H)^0.976 | C6: kg d.m./tree | D6: rho g/cm3, D cm, H m.

Sheet 3_GrowthInputs
A1: Species | B1: Year (t) | C1: DBH (cm) | D1: Height (m) | E1: rho (g/cm3) | F1: AGB per tree (kg d.m./tree) | G1: Key
A2: Cashew | B2: 1 | C2: 1.75 | D2: 0.75 | E2: 0.5 | G2: =A2&"|"&B2 -> Cashew|1
A3: Cashew | B3: 2 | C3: 2.089 | D3: 0.923 | E3: 0.5 | F3: =IF(OR(C3="",D3=""),NA(),0.076*POWER(POWER(C3,2)*D3,0.927)) -> 0.27651675 | G3: =A3&"|"&B3 -> Cashew|2
A4: Cashew | B4: 3 | C4: 2.487 | D4: 1.132 | E4: 0.5 | F4: =IF(OR(C4="",D4=""),NA(),0.076*POWER(POWER(C4,2)*D4,0.927)) -> 0.46164925 | G4: =A4&"|"&B4 -> Cashew|3
A5: Cashew | B5: 4 | C5: 2.951 | D5: 1.38 | E5: 0.5 | F5: =IF(OR(C5="",D5=""),NA(),0.076*POWER(POWER(C5,2)*D5,0.927)) -> 0.76173589 | G5: =A5&"|"&B5 -> Cashew|4
A6: Cashew | B6: 5 | C6: 3.488 | D6: 1.673 | E6: 0.5 | F6: =IF(OR(C6="",D6=""),NA(),0.076*POWER(POWER(C6,2)*D6,0.927)) -> 1.2414554 | G6: =A6&"|"&B6 -> Cashew|5
A7: Cashew | B7: 6 | C7: 4.105 | D7: 2.013 | E7: 0.5 | F7: =IF(OR(C7="",D7=""),NA(),0.076*POWER(POWER(C7,2)*D7,0.927)) -> 1.993239 | G7: =A7&"|"&B7 -> Cashew|6
A8: Cashew | B8: 7 | C8: 4.806 | D8: 2.402 | E8: 0.5 | F8: =IF(OR(C8="",D8=""),NA(),0.076*POWER(POWER(C8,2)*D8,0.927)) -> 3.1450812 | G8: =A8&"|"&B8 -> Cashew|7
A9: Cashew | B9: 8 | C9: 5.595 | D9: 2.84 | E9: 0.5 | F9: =IF(OR(C9="",D9=""),NA(),0.076*POWER(POWER(C9,2)*D9,0.927)) -> 4.8692387 | G9: =A9&"|"&B9 -> Cashew|8
A10: Cashew | B10: 9 | C10: 6.472 | D10: 3.323 | E10: 0.5 | F10: =IF(OR(C10="",D10=""),NA(),0.076*POWER(POWER(C10,2)*D10,0.927)) -> 7.3779824 | G10: =A10&"|"&B10 -> Cashew|9
A11: Cashew | B11: 10 | C11: 7.434 | D11: 3.844 | E11: 0.5 | F11: =IF(OR(C11="",D11=""),NA(),0.076*POWER(POWER(C11,2)*D11,0.927)) -> 10.918284 | G11: =A11&"|"&B11 -> Cashew|10
A12: Cashew | B12: 11 | C12: 8.473 | D12: 4.393 | E12: 0.5 | F12: =IF(OR(C12="",D12=""),NA(),0.076*POWER(POWER(C12,2)*D12,0.927)) -> 15.748319 | G12: =A12&"|"&B12 -> Cashew|11
A13: Cashew | B13: 12 | C13: 9.578 | D13: 4.957 | E13: 0.5 | F13: =IF(OR(C13="",D13=""),NA(),0.076*POWER(POWER(C13,2)*D13,0.927)) -> 22.108795 | G13: =A13&"|"&B13 -> Cashew|12
A14: Cashew | B14: 13 | C14: 10.734 | D14: 5.522 | E14: 0.5 | F14: =IF(OR(C14="",D14=""),NA(),0.076*POWER(POWER(C14,2)*D14,0.927)) -> 30.183455 | G14: =A14&"|"&B14 -> Cashew|13
... A41: Cashew | B41: 40 | C41: 24.814 | D41: 9.982 | E41: 0.5 | F41: =IF(OR(C41="",D41=""),NA(),0.076*POWER(POWER(C41,2)*D41,0.927)) -> 247.09053 | G41: =A41&"|"&B41 -> Cashew|40
A42: Dawadawa | B42: 1 | C42: 1.2 | D42: 1 | E42: 0.6 | F42: =IF(OR(E42="",C42="",D42=""),NA(),0.0673*POWER(E42*POWER(C42,2)*D42,0.976)) -> 0.058351561 | G42: =A42&"|"&B42 -> Dawadawa|1
A43: Dawadawa | B43: 2 | C43: 2.4 | D43: 1.557 | E43: 0.6 | F43: =IF(OR(E43="",C43="",D43=""),NA(),0.0673*POWER(E43*POWER(C43,2)*D43,0.976)) -> 0.34780572 | G43: =A43&"|"&B43 -> Dawadawa|2
A44: Dawadawa | B44: 3 | C44: 3.6 | D44: 2.382 | E44: 0.6 | F44: =IF(OR(E44="",C44="",D44=""),NA(),0.0673*POWER(E44*POWER(C44,2)*D44,0.976)) -> 1.1622199 | G44: =A44&"|"&B44 -> Dawadawa|3
A45: Dawadawa | B45: 4 | C45: 4.8 | D45: 3.548 | E45: 0.6 | F45: =IF(OR(E45="",C45="",D45=""),NA(),0.0673*POWER(E45*POWER(C45,2)*D45,0.976)) -> 3.0064749 | G45: =A45&"|"&B45 -> Dawadawa|4
A46: Dawadawa | B46: 5 | C46: 6 | D46: 5.099 | E46: 0.6 | F46: =IF(OR(E46="",C46="",D46=""),NA(),0.0673*POWER(E46*POWER(C46,2)*D46,0.976)) -> 6.6213615 | G46: =A46&"|"&B46 -> Dawadawa|5
A47: Dawadawa | B47: 6 | C47: 7.2 | D47: 7 | E47: 0.6 | F47: =IF(OR(E47="",C47="",D47=""),NA(),0.0673*POWER(E47*POWER(C47,2)*D47,0.976)) -> 12.87714 | G47: =A47&"|"&B47 -> Dawadawa|6
A48: Dawadawa | B48: 7 | C48: 8.4 | D48: 9.109 | E48: 0.6 | F48: =IF(OR(E48="",C48="",D48=""),NA(),0.0673*POWER(E48*POWER(C48,2)*D48,0.976)) -> 22.497137 | G48: =A48&"|"&B48 -> Dawadawa|7
A49: Dawadawa | B49: 8 | C49: 9.6 | D49: 11.206 | E49: 0.6 | F49: =IF(OR(E49="",C49="",D49=""),NA(),0.0673*POWER(E49*POWER(C49,2)*D49,0.976)) -> 35.739456 | G49: =A49&"|"&B49 -> Dawadawa|8
A50: Dawadawa | B50: 9 | C50: 10.8 | D50: 13.076 | E50: 0.6 | F50: =IF(OR(E50="",C50="",D50=""),NA(),0.0673*POWER(E50*POWER(C50,2)*D50,0.976)) -> 52.289365 | G50: =A50&"|"&B50 -> Dawadawa|9
A51: Dawadawa | B51: 10 | C51: 12 | D51: 14.588 | E51: 0.6 | F51: =IF(OR(E51="",C51="",D51=""),NA(),0.0673*POWER(E51*POWER(C51,2)*D51,0.976)) -> 71.468116 | G51: =A51&"|"&B51 -> Dawadawa|10
A52: Dawadawa | B52: 11 | C52: 13.2 | D52: 15.717 | E52: 0.6 | F52: =IF(OR(E52="",C52="",D52=""),NA(),0.0673*POWER(E52*POWER(C52,2)*D52,0.976)) -> 92.577997 | G52: =A52&"|"&B52 -> Dawadawa|11
A53: Dawadawa | B53: 12 | C53: 14.4 | D53: 16.51 | E53: 0.6 | F53: =IF(OR(E53="",C53="",D53=""),NA(),0.0673*POWER(E53*POWER(C53,2)*D53,0.976)) -> 115.11593 | G53: =A53&"|"&B53 -> Dawadawa|12
... A81: Dawadawa | B81: 40 | C81: 48 | D81: 18 | E81: 0.6 | F81: =IF(OR(E81="",C81="",D81=""),NA(),0.0673*POWER(E81*POWER(C81,2)*D81,0.976)) -> 1313.4681 | G81: =A81&"|"&B81 -> Dawadawa|40
A82: Mango | B82: 1 | C82: 3.673 | D82: 1.519 | E82: 0.6 | F82: =IF(C82<=0,NA(),EXP(-2.43+2.51*LN(C82))) -> 2.3060405 | G82: =A82&"|"&B82 -> Mango|1
A83: Mango | B83: 2 | C83: 4.26 | D83: 1.73 | E83: 0.6 | F83: =IF(C83<=0,NA(),EXP(-2.43+2.51*LN(C83))) -> 3.3456654 | G83: =A83&"|"&B83 -> Mango|2
A84: Mango | B84: 3 | C84: 4.935 | D84: 1.966 | E84: 0.6 | F84: =IF(C84<=0,NA(),EXP(-2.43+2.51*LN(C84))) -> 4.8396636 | G84: =A84&"|"&B84 -> Mango|3
A85: Mango | B85: 4 | C85: 5.708 | D85: 2.23 | E85: 0.6 | F85: =IF(C85<=0,NA(),EXP(-2.43+2.51*LN(C85))) -> 6.973313 | G85: =A85&"|"&B85 -> Mango|4
A86: Mango | B86: 5 | C86: 6.593 | D86: 2.522 | E86: 0.6 | F86: =IF(C86<=0,NA(),EXP(-2.43+2.51*LN(C86))) -> 10.01297 | G86: =A86&"|"&B86 -> Mango|5
A87: Mango | B87: 6 | C87: 7.6 | D87: 2.845 | E87: 0.6 | F87: =IF(C87<=0,NA(),EXP(-2.43+2.51*LN(C87))) -> 14.305615 | G87: =A87&"|"&B87 -> Mango|6
A88: Mango | B88: 7 | C88: 8.742 | D88: 3.2 | E88: 0.6 | F88: =IF(C88<=0,NA(),EXP(-2.43+2.51*LN(C88))) -> 20.328602 | G88: =A88&"|"&B88 -> Mango|7
A89: Mango | B89: 8 | C89: 10.033 | D89: 3.586 | E89: 0.6 | F89: =IF(C89<=0,NA(),EXP(-2.43+2.51*LN(C89))) -> 28.724716 | G89: =A89&"|"&B89 -> Mango|8
A90: Mango | B90: 9 | C90: 11.483 | D90: 4.005 | E90: 0.6 | F90: =IF(C90<=0,NA(),EXP(-2.43+2.51*LN(C90))) -> 40.309125 | G90: =A90&"|"&B90 -> Mango|9
A91: Mango | B91: 10 | C91: 13.104 | D91: 4.455 | E91: 0.6 | F91: =IF(C91<=0,NA(),EXP(-2.43+2.51*LN(C91))) -> 56.149793 | G91: =A91&"|"&B91 -> Mango|10
A92: Mango | B92: 11 | C92: 14.904 | D92: 4.935 | E92: 0.6 | F92: =IF(C92<=0,NA(),EXP(-2.43+2.51*LN(C92))) -> 77.56299 | G92: =A92&"|"&B92 -> Mango|11
A93: Mango | B93: 12 | C93: 16.889 | D93: 5.442 | E93: 0.6 | F93: =IF(C93<=0,NA(),EXP(-2.43+2.51*LN(C93))) -> 106.1574 | G93: =A93&"|"&B93 -> Mango|12
... A121: Mango | B121: 40 | C121: 76.38 | D121: 15.478 | E121: 0.6 | F121: =IF(C121<=0,NA(),EXP(-2.43+2.51*LN(C121))) -> 4687.5222 | G121: =A121&"|"&B121 -> Mango|40
A122: Moringa | B122: 1 | C122: 1.5 | D122: 2 | E122: 0.25 | F122: =IF(OR(E122="",C122="",D122=""),NA(),0.0673*POWER(E122*POWER(C122,2)*D122,0.976)) -> 0.075498779 | G122: =A122&"|"&B122 -> Moringa|1
A123: Moringa | B123: 2 | C123: 2.601 | D123: 3.101 | E123: 0.25 | F123: =IF(OR(E123="",C123="",D123=""),NA(),0.0673*POWER(E123*POWER(C123,2)*D123,0.976)) -> 0.33920653 | G123: =A123&"|"&B123 -> Moringa|2
A124: Moringa | B124: 3 | C124: 4.448 | D124: 4.367 | E124: 0.25 | F124: =IF(OR(E124="",C124="",D124=""),NA(),0.0673*POWER(E124*POWER(C124,2)*D124,0.976)) -> 1.3503332 | G124: =A124&"|"&B124 -> Moringa|3
A125: Moringa | B125: 4 | C125: 7.437 | D125: 5.563 | E125: 0.25 | F125: =IF(OR(E125="",C125="",D125=""),NA(),0.0673*POWER(E125*POWER(C125,2)*D125,0.976)) -> 4.6643875 | G125: =A125&"|"&B125 -> Moringa|4
A126: Moringa | B126: 5 | C126: 12 | D126: 6.5 | E126: 0.25 | F126: =IF(OR(E126="",C126="",D126=""),NA(),0.0673*POWER(E126*POWER(C126,2)*D126,0.976)) -> 13.8156 | G126: =A126&"|"&B126 -> Moringa|5
A127: Moringa | B127: 6 | C127: 18.384 | D127: 7.133 | E127: 0.25 | F127: =IF(OR(E127="",C127="",D127=""),NA(),0.0673*POWER(E127*POWER(C127,2)*D127,0.976)) -> 34.784447 | G127: =A127&"|"&B127 -> Moringa|6
A128: Moringa | B128: 7 | C128: 26.304 | D128: 7.519 | E128: 0.25 | F128: =IF(OR(E128="",C128="",D128=""),NA(),0.0673*POWER(E128*POWER(C128,2)*D128,0.976)) -> 73.691823 | G128: =A128&"|"&B128 -> Moringa|7
A129: Moringa | B129: 8 | C129: 34.784 | D129: 7.739 | E129: 0.25 | F129: =IF(OR(E129="",C129="",D129=""),NA(),0.0673*POWER(E129*POWER(C129,2)*D129,0.976)) -> 130.77772 | G129: =A129&"|"&B129 -> Moringa|8
A130: Moringa | B130: 9 | C130: 42.545 | D130: 7.86 | E130: 0.25 | F130: =IF(OR(E130="",C130="",D130=""),NA(),0.0673*POWER(E130*POWER(C130,2)*D130,0.976)) -> 196.72033 | G130: =A130&"|"&B130 -> Moringa|9
A131: Moringa | B131: 10 | C131: 48.695 | D131: 7.926 | E131: 0.25 | F131: =IF(OR(E131="",C131="",D131=""),NA(),0.0673*POWER(E131*POWER(C131,2)*D131,0.976)) -> 258.13731 | G131: =A131&"|"&B131 -> Moringa|10
A132: Moringa | B132: 11 | C132: 53.032 | D132: 7.961 | E132: 0.25 | F132: =IF(OR(E132="",C132="",D132=""),NA(),0.0673*POWER(E132*POWER(C132,2)*D132,0.976)) -> 306.22955 | G132: =A132&"|"&B132 -> Moringa|11
A133: Moringa | B133: 12 | C133: 55.848 | D133: 7.979 | E133: 0.25 | F133: =IF(OR(E133="",C133="",D133=""),NA(),0.0673*POWER(E133*POWER(C133,2)*D133,0.976)) -> 339.51979 | G133: =A133&"|"&B133 -> Moringa|12
... A161: Moringa | B161: 40 | C161: 60 | D161: 8 | E161: 0.25 | F161: =IF(OR(E161="",C161="",D161=""),NA(),0.0673*POWER(E161*POWER(C161,2)*D161,0.976)) -> 391.53589 | G161: =A161&"|"&B161 -> Moringa|40
A162: Shea | B162: 1 | C162: 0.74 | D162: 0.25 | E162: 0.72 | F162: =IF(C162="",NA(),0.084*POWER(C162,2.43)) -> 0.040412188 | G162: =A162&"|"&B162 -> Shea|1
A163: Shea | B163: 2 | C163: 1.48 | D163: 0.5 | E163: 0.72 | F163: =IF(C163="",NA(),0.084*POWER(C163,2.43)) -> 0.21777863 | G163: =A163&"|"&B163 -> Shea|2
A164: Shea | B164: 3 | C164: 2.4358 | D164: 0.75 | E164: 0.72 | F164: =IF(C164="",NA(),0.084*POWER(C164,2.43)) -> 0.73083349 | G164: =A164&"|"&B164 -> Shea|3
A165: Shea | B165: 4 | C165: 3.4946 | D165: 1 | E165: 0.72 | F165: =IF(C165="",NA(),0.084*POWER(C165,2.43)) -> 1.7568519 | G165: =A165&"|"&B165 -> Shea|4
A166: Shea | B166: 5 | C166: 4.6262 | D166: 1.25 | E166: 0.72 | F166: =IF(C166="",NA(),0.084*POWER(C166,2.43)) -> 3.4735583 | G166: =A166&"|"&B166 -> Shea|5
A167: Shea | B167: 6 | C167: 5.8154 | D167: 1.5 | E167: 0.72 | F167: =IF(C167="",NA(),0.084*POWER(C167,2.43)) -> 6.0563044 | G167: =A167&"|"&B167 -> Shea|6
A168: Shea | B168: 7 | C168: 7.0525 | D168: 1.75 | E168: 0.72 | F168: =IF(C168="",NA(),0.084*POWER(C168,2.43)) -> 9.6772733 | G168: =A168&"|"&B168 -> Shea|7
A169: Shea | B169: 8 | C169: 8.331 | D169: 2 | E169: 0.72 | F169: =IF(C169="",NA(),0.084*POWER(C169,2.43)) -> 14.506857 | G169: =A169&"|"&B169 -> Shea|8
A170: Shea | B170: 9 | C170: 9.6459 | D170: 2.25 | E170: 0.72 | F170: =IF(C170="",NA(),0.084*POWER(C170,2.43)) -> 20.712484 | G170: =A170&"|"&B170 -> Shea|9
A171: Shea | B171: 10 | C171: 10.9936 | D171: 2.5 | E171: 0.72 | F171: =IF(C171="",NA(),0.084*POWER(C171,2.43)) -> 28.460945 | G171: =A171&"|"&B171 -> Shea|10
A172: Shea | B172: 11 | C172: 12.3711 | D172: 2.75 | E172: 0.72 | F172: =IF(C172="",NA(),0.084*POWER(C172,2.43)) -> 37.916784 | G172: =A172&"|"&B172 -> Shea|11
A173: Shea | B173: 12 | C173: 13.7759 | D173: 3 | E173: 0.72 | F173: =IF(C173="",NA(),0.084*POWER(C173,2.43)) -> 49.242585 | G173: =A173&"|"&B173 -> Shea|12
... A201: Shea | B201: 40 | C201: 60 | D201: 10 | E201: 0.72 | F201: =IF(C201="",NA(),0.084*POWER(C201,2.43)) -> 1758.68 | G201: =A201&"|"&B201 -> Shea|40

Sheet 4_BiomassPerHa
A1: Species | B1: Year (t) | C1: Trees planted/ha | D1: Survival S(t) | E1: Trees alive/ha | F1: AGB/tree (kg) | G1: AGB/ha (t d.m./ha) | H1: Rj | I1: BGB/ha (t d.m./ha) | J1: Total biomass/ha (t d.m./ha) | K1: CO2e stock/ha (t CO2e/ha) | M1: Species | N1: Trees/ha | O1: S1 | P1: Sa | Q1: Key | S1: Species_param | T1: S1 (Yr1) | U1: Sa_est (Yr2-3) | V1: Sa_mid (Yr4-20) | W1: Sa_late (Yr21+) | Y1: Dead biomass pool/ha (t d.m./ha) | Z1: Total biomass incl. dead/ha (t d.m./ha) | AB1: k_dead (yr-1)
A2: Cashew | B2: 1 | C2: =INDEX($N$2:$N$6, MATCH(A2, $M$2:$M$6, 0)) -> 70 | D2: =IF(B2=1,INDEX($T$2:$T$6, MATCH(A2, $S$2:$S$6, 0)),INDEX($T$2:$T$6, MATCH(A2, $S$2:$S$6, 0))*POWER(INDEX($U$2:$U$6, MATCH(A2, $S$2:$S$6, 0)),MIN(B2-1,2))*POWER(INDEX($V$2:$V$6, MATCH(A2, $S$2:$S$6, 0)),MAX(MIN(B2-3,17),0))*POWER(INDEX($W$2:$W$6, MATCH(A2, $S$2:$S$6, 0)),MAX(B2-20,0))) -> 0.75 | E2: =C2*D2 -> 52.5 | F2: =IFERROR(INDEX('3_GrowthInputs'!$F$2:$F$201, MATCH(Q2, '3_GrowthInputs'!$G$2:$G$201, 0)), NA()) -> 0 | G2: =IF(OR(ISNA(E2),ISNA(F2)),NA(),E2*F2/1000) -> 0 | H2: =IF(ISNA(G2),NA(),IF(G2>0,EXP(-1.085+0.9256*LN(G2))/G2,0)) -> 0 | I2: =IF(OR(ISNA(G2),ISNA(H2)),NA(),G2*H2) -> 0 | J2: =IF(OR(ISNA(G2),ISNA(I2)),NA(),G2+I2) -> 0 | K2: =Z2*0.47*(44/12) -> 0 | M2: Cashew | N2: 70 | O2: 0.7 | P2: 0.95 | Q2: =A2&"|"&B2 -> Cashew|1 | S2: Cashew | T2: 0.75 | U2: 0.95 | V2: 0.99 | W2: 0.985 | Y2: 0 | Z2: =J2+Y2 -> 0 | AB2: 0.1
A3: Cashew | B3: 2 | C3: =INDEX($N$2:$N$6, MATCH(A3, $M$2:$M$6, 0)) -> 70 | D3: =IF(B3=1,INDEX($T$2:$T$6, MATCH(A3, $S$2:$S$6, 0)),INDEX($T$2:$T$6, MATCH(A3, $S$2:$S$6, 0))*POWER(INDEX($U$2:$U$6, MATCH(A3, $S$2:$S$6, 0)),MIN(B3-1,2))*POWER(INDEX($V$2:$V$6, MATCH(A3, $S$2:$S$6, 0)),MAX(MIN(B3-3,17),0))*POWER(INDEX($W$2:$W$6, MATCH(A3, $S$2:$S$6, 0)),MAX(B3-20,0))) -> 0.7125 | E3: =C3*D3 -> 49.875 | F3: =IFERROR(INDEX('3_GrowthInputs'!$F$2:$F$201, MATCH(Q3, '3_GrowthInputs'!$G$2:$G$201, 0)), NA()) -> 0.27651675 | G3: =IF(OR(ISNA(E3),ISNA(F3)),NA(),E3*F3/1000) -> 0.013791273 | H3: =IF(ISNA(G3),NA(),IF(G3>0,EXP(-1.085+0.9256*LN(G3))/G3,0)) -> 0.46473344 | I3: =IF(OR(ISNA(G3),ISNA(H3)),NA(),G3*H3) -> 0.0064092656 | J3: =IF(OR(ISNA(G3),ISNA(I3)),NA(),G3+I3) -> 0.020200538 | K3: =Z3*0.47*(44/12) -> 0.034812261 | M3: Dawadawa | N3: 70 | O3: 0.7 | P3: 0.95 | Q3: =A3&"|"&B3 -> Cashew|2 | S3: Dawadawa | T3: 0.75 | U3: 0.96 | V3: 0.995 | W3: 0.99 | Y3: =Y2*(1-AB2) + MAX(0,J2-J3) -> 0 | Z3: =J3+Y3 -> 0.020200538
A4: Cashew | B4: 3 | C4: =INDEX($N$2:$N$6, MATCH(A4, $M$2:$M$6, 0)) -> 70 | D4: =IF(B4=1,INDEX($T$2:$T$6, MATCH(A4, $S$2:$S$6, 0)),INDEX($T$2:$T$6, MATCH(A4, $S$2:$S$6, 0))*POWER(INDEX($U$2:$U$6, MATCH(A4, $S$2:$S$6, 0)),MIN(B4-1,2))*POWER(INDEX($V$2:$V$6, MATCH(A4, $S$2:$S$6, 0)),MAX(MIN(B4-3,17),0))*POWER(INDEX($W$2:$W$6, MATCH(A4, $S$2:$S$6, 0)),MAX(B4-20,0))) -> 0.676875 | E4: =C4*D4 -> 47.38125 | F4: =IFERROR(INDEX('3_GrowthInputs'!$F$2:$F$201, MATCH(Q4, '3_GrowthInputs'!$G$2:$G$201, 0)), NA()) -> 0.46164925 | G4: =IF(OR(ISNA(E4),ISNA(F4)),NA(),E4*F4/1000) -> 0.021873519 | H4: =IF(ISNA(G4),NA(),IF(G4>0,EXP(-1.085+0.9256*LN(G4))/G4,0)) -> 0.44905604 | I4: =IF(OR(ISNA(G4),ISNA(H4)),NA(),G4*H4) -> 0.0098224356 | J4: =IF(OR(ISNA(G4),ISNA(I4)),NA(),G4+I4) -> 0.031695954 | K4: =Z4*0.47*(44/12) -> 0.054622694 | M4: Mango | N4: 79 | O4: 0.7 | P4: 0.95 | Q4: =A4&"|"&B4 -> Cashew|3 | S4: Mango | T4: 0.75 | U4: 0.95 | V4: 0.99 | W4: 0.985 | Y4: =Y3*(1-AB2) + MAX(0,J3-J4) -> 0 | Z4: =J4+Y4 -> 0.031695954
A5: Cashew | B5: 4 | C5: =INDEX($N$2:$N$6, MATCH(A5, $M$2:$M$6, 0)) -> 70 | D5: =IF(B5=1,INDEX($T$2:$T$6, MATCH(A5, $S$2:$S$6, 0)),INDEX($T$2:$T$6, MATCH(A5, $S$2:$S$6, 0))*POWER(INDEX($U$2:$U$6, MATCH(A5, $S$2:$S$6, 0)),MIN(B5-1,2))*POWER(INDEX($V$2:$V$6, MATCH(A5, $S$2:$S$6, 0)),MAX(MIN(B5-3,17),0))*POWER(INDEX($W$2:$W$6, MATCH(A5, $S$2:$S$6, 0)),MAX(B5-20,0))) -> 0.67010625 | E5: =C5*D5 -> 46.907438 | F5: =IFERROR(INDEX('3_GrowthInputs'!$F$2:$F$201, MATCH(Q5, '3_GrowthInputs'!$G$2:$G$201, 0)), NA()) -> 0.76173589 | G5: =IF(OR(ISNA(E5),ISNA(F5)),NA(),E5*F5/1000) -> 0.035731079 | H5: =IF(ISNA(G5),NA(),IF(G5>0,EXP(-1.085+0.9256*LN(G5))/G5,0)) -> 0.43295609 | I5: =IF(OR(ISNA(G5),ISNA(H5)),NA(),G5*H5) -> 0.015469988 | J5: =IF(OR(ISNA(G5),ISNA(I5)),NA(),G5+I5) -> 0.051201067 | K5: =Z5*0.47*(44/12) -> 0.088236505 | M5: Moringa | N5: 79 | O5: 0.65 | P5: 0.95 | Q5: =A5&"|"&B5 -> Cashew|4 | S5: Moringa | T5: 0.7 | U5: 0.94 | V5: 0.985 | W5: 0.97 | Y5: =Y4*(1-AB2) + MAX(0,J4-J5) -> 0 | Z5: =J5+Y5 -> 0.051201067
A6: Cashew | B6: 5 | C6: =INDEX($N$2:$N$6, MATCH(A6, $M$2:$M$6, 0)) -> 70 | D6: =IF(B6=1,INDEX($T$2:$T$6, MATCH(A6, $S$2:$S$6, 0)),INDEX($T$2:$T$6, MATCH(A6, $S$2:$S$6, 0))*POWER(INDEX($U$2:$U$6, MATCH(A6, $S$2:$S$6, 0)),MIN(B6-1,2))*POWER(INDEX($V$2:$V$6, MATCH(A6, $S$2:$S$6, 0)),MAX(MIN(B6-3,17),0))*POWER(INDEX($W$2:$W$6, MATCH(A6, $S$2:$S$6, 0)),MAX(B6-20,0))) -> 0.66340519 | E6: =C6*D6 -> 46.438363 | F6: =IFERROR(INDEX('3_GrowthInputs'!$F$2:$F$201, MATCH(Q6, '3_GrowthInputs'!$G$2:$G$201, 0)), NA()) -> 1.2414554 | G6: =IF(OR(ISNA(E6),ISNA(F6)),NA(),E6*F6/1000) -> 0.057651156 | H6: =IF(ISNA(G6),NA(),IF(G6>0,EXP(-1.085+0.9256*LN(G6))/G6,0)) -> 0.41781725 | I6: =IF(OR(ISNA(G6),ISNA(H6)),NA(),G6*H6) -> 0.024087648 | J6: =IF(OR(ISNA(G6),ISNA(I6)),NA(),G6+I6) -> 0.081738804 | K6: =Z6*0.47*(44/12) -> 0.1408632 | M6: Shea | N6: 79 | O6: 0.7 | P6: 0.95 | Q6: =A6&"|"&B6 -> Cashew|5 | S6: Shea | T6: 0.75 | U6: 0.96 | V6: 0.995 | W6: 0.99 | Y6: =Y5*(1-AB2) + MAX(0,J5-J6) -> 0 | Z6: =J6+Y6 -> 0.081738804
A7: Cashew | B7: 6 | C7: =INDEX($N$2:$N$6, MATCH(A7, $M$2:$M$6, 0)) -> 70 | D7: =IF(B7=1,INDEX($T$2:$T$6, MATCH(A7, $S$2:$S$6, 0)),INDEX($T$2:$T$6, MATCH(A7, $S$2:$S$6, 0))*POWER(INDEX($U$2:$U$6, MATCH(A7, $S$2:$S$6, 0)),MIN(B7-1,2))*POWER(INDEX($V$2:$V$6, MATCH(A7, $S$2:$S$6, 0)),MAX(MIN(B7-3,17),0))*POWER(INDEX($W$2:$W$6, MATCH(A7, $S$2:$S$6, 0)),MAX(B7-20,0))) -> 0.65677114 | E7: =C7*D7 -> 45.973979 | F7: =IFERROR(INDEX('3_GrowthInputs'!$F$2:$F$201, MATCH(Q7, '3_GrowthInputs'!$G$2:$G$201, 0)), NA()) -> 1.993239 | G7: =IF(OR(ISNA(E7),ISNA(F7)),NA(),E7*F7/1000) -> 0.091637128 | H7: =IF(ISNA(G7),NA(),IF(G7>0,EXP(-1.085+0.9256*LN(G7))/G7,0)) -> 0.40365689 | I7: =IF(OR(ISNA(G7),ISNA(H7)),NA(),G7*H7) -> 0.036989958 | J7: =IF(OR(ISNA(G7),ISNA(I7)),NA(),G7+I7) -> 0.12862709 | K7: =Z7*0.47*(44/12) -> 0.22166735 | Q7: =A7&"|"&B7 -> Cashew|6 | Y7: =Y6*(1-AB2) + MAX(0,J6-J7) -> 0 | Z7: =J7+Y7 -> 0.12862709
A8: Cashew | B8: 7 | C8: =INDEX($N$2:$N$6, MATCH(A8, $M$2:$M$6, 0)) -> 70 | D8: =IF(B8=1,INDEX($T$2:$T$6, MATCH(A8, $S$2:$S$6, 0)),INDEX($T$2:$T$6, MATCH(A8, $S$2:$S$6, 0))*POWER(INDEX($U$2:$U$6, MATCH(A8, $S$2:$S$6, 0)),MIN(B8-1,2))*POWER(INDEX($V$2:$V$6, MATCH(A8, $S$2:$S$6, 0)),MAX(MIN(B8-3,17),0))*POWER(INDEX($W$2:$W$6, MATCH(A8, $S$2:$S$6, 0)),MAX(B8-20,0))) -> 0.65020342 | E8: =C8*D8 -> 45.51424 | F8: =IFERROR(INDEX('3_GrowthInputs'!$F$2:$F$201, MATCH(Q8, '3_GrowthInputs'!$G$2:$G$201, 0)), NA()) -> 3.1450812 | G8: =IF(OR(ISNA(E8),ISNA(F8)),NA(),E8*F8/1000) -> 0.14314598 | H8: =IF(ISNA(G8),NA(),IF(G8>0,EXP(-1.085+0.9256*LN(G8))/G8,0)) -> 0.39048155 | I8: =IF(OR(ISNA(G8),ISNA(H8)),NA(),G8*H8) -> 0.055895865 | J8: =IF(OR(ISNA(G8),ISNA(I8)),NA(),G8+I8) -> 0.19904185 | K8: =Z8*0.47*(44/12) -> 0.34301545 | Q8: =A8&"|"&B8 -> Cashew|7 | Y8: =Y7*(1-AB2) + MAX(0,J7-J8) -> 0 | Z8: =J8+Y8 -> 0.19904185
A9: Cashew | B9: 8 | C9: =INDEX($N$2:$N$6, MATCH(A9, $M$2:$M$6, 0)) -> 70 | D9: =IF(B9=1,INDEX($T$2:$T$6, MATCH(A9, $S$2:$S$6, 0)),INDEX($T$2:$T$6, MATCH(A9, $S$2:$S$6, 0))*POWER(INDEX($U$2:$U$6, MATCH(A9, $S$2:$S$6, 0)),MIN(B9-1,2))*POWER(INDEX($V$2:$V$6, MATCH(A9, $S$2:$S$6, 0)),MAX(MIN(B9-3,17),0))*POWER(INDEX($W$2:$W$6, MATCH(A9, $S$2:$S$6, 0)),MAX(B9-20,0))) -> 0.64370139 | E9: =C9*D9 -> 45.059097 | F9: =IFERROR(INDEX('3_GrowthInputs'!$F$2:$F$201, MATCH(Q9, '3_GrowthInputs'!$G$2:$G$201, 0)), NA()) -> 4.8692387 | G9: =IF(OR(ISNA(E9),ISNA(F9)),NA(),E9*F9/1000) -> 0.2194035 | H9: =IF(ISNA(G9),NA(),IF(G9>0,EXP(-1.085+0.9256*LN(G9))/G9,0)) -> 0.37827006 | I9: =IF(OR(ISNA(G9),ISNA(H9)),NA(),G9*H9) -> 0.082993774 | J9: =IF(OR(ISNA(G9),ISNA(I9)),NA(),G9+I9) -> 0.30239727 | K9: =Z9*0.47*(44/12) -> 0.5211313 | Q9: =A9&"|"&B9 -> Cashew|8 | Y9: =Y8*(1-AB2) + MAX(0,J8-J9) -> 0 | Z9: =J9+Y9 -> 0.30239727
A10: Cashew | B10: 9 | C10: =INDEX($N$2:$N$6, MATCH(A10, $M$2:$M$6, 0)) -> 70 | D10: =IF(B10=1,INDEX($T$2:$T$6, MATCH(A10, $S$2:$S$6, 0)),INDEX($T$2:$T$6, MATCH(A10, $S$2:$S$6, 0))*POWER(INDEX($U$2:$U$6, MATCH(A10, $S$2:$S$6, 0)),MIN(B10-1,2))*POWER(INDEX($V$2:$V$6, MATCH(A10, $S$2:$S$6, 0)),MAX(MIN(B10-3,17),0))*POWER(INDEX($W$2:$W$6, MATCH(A10, $S$2:$S$6, 0)),MAX(B10-20,0))) -> 0.63726438 | E10: =C10*D10 -> 44.608506 | F10: =IFERROR(INDEX('3_GrowthInputs'!$F$2:$F$201, MATCH(Q10, '3_GrowthInputs'!$G$2:$G$201, 0)), NA()) -> 7.3779824 | G10: =IF(OR(ISNA(E10),ISNA(F10)),NA(),E10*F10/1000) -> 0.32912077 | H10: =IF(ISNA(G10),NA(),IF(G10>0,EXP(-1.085+0.9256*LN(G10))/G10,0)) -> 0.36702805 | I10: =IF(OR(ISNA(G10),ISNA(H10)),NA(),G10*H10) -> 0.12079655 | J10: =IF(OR(ISNA(G10),ISNA(I10)),NA(),G10+I10) -> 0.44991733 | K10: =Z10*0.47*(44/12) -> 0.77535753 | Q10: =A10&"|"&B10 -> Cashew|9 | Y10: =Y9*(1-AB2) + MAX(0,J9-J10) -> 0 | Z10: =J10+Y10 -> 0.44991733
A11: Cashew | B11: 10 | C11: =INDEX($N$2:$N$6, MATCH(A11, $M$2:$M$6, 0)) -> 70 | D11: =IF(B11=1,INDEX($T$2:$T$6, MATCH(A11, $S$2:$S$6, 0)),INDEX($T$2:$T$6, MATCH(A11, $S$2:$S$6, 0))*POWER(INDEX($U$2:$U$6, MATCH(A11, $S$2:$S$6, 0)),MIN(B11-1,2))*POWER(INDEX($V$2:$V$6, MATCH(A11, $S$2:$S$6, 0)),MAX(MIN(B11-3,17),0))*POWER(INDEX($W$2:$W$6, MATCH(A11, $S$2:$S$6, 0)),MAX(B11-20,0))) -> 0.63089173 | E11: =C11*D11 -> 44.162421 | F11: =IFERROR(INDEX('3_GrowthInputs'!$F$2:$F$201, MATCH(Q11, '3_GrowthInputs'!$G$2:$G$201, 0)), NA()) -> 10.918284 | G11: =IF(OR(ISNA(E11),ISNA(F11)),NA(),E11*F11/1000) -> 0.48217788 | H11: =IF(ISNA(G11),NA(),IF(G11>0,EXP(-1.085+0.9256*LN(G11))/G11,0)) -> 0.35674662 | I11: =IF(OR(ISNA(G11),ISNA(H11)),NA(),G11*H11) -> 0.17201533 | J11: =IF(OR(ISNA(G11),ISNA(I11)),NA(),G11+I11) -> 0.65419321 | K11: =Z11*0.47*(44/12) -> 1.127393 | Q11: =A11&"|"&B11 -> Cashew|10 | Y11: =Y10*(1-AB2) + MAX(0,J10-J11) -> 0 | Z11: =J11+Y11 -> 0.65419321
A12: Cashew | B12: 11 | C12: =INDEX($N$2:$N$6, MATCH(A12, $M$2:$M$6, 0)) -> 70 | D12: =IF(B12=1,INDEX($T$2:$T$6, MATCH(A12, $S$2:$S$6, 0)),INDEX($T$2:$T$6, MATCH(A12, $S$2:$S$6, 0))*POWER(INDEX($U$2:$U$6, MATCH(A12, $S$2:$S$6, 0)),MIN(B12-1,2))*POWER(INDEX($V$2:$V$6, MATCH(A12, $S$2:$S$6, 0)),MAX(MIN(B12-3,17),0))*POWER(INDEX($W$2:$W$6, MATCH(A12, $S$2:$S$6, 0)),MAX(B12-20,0))) -> 0.62458282 | E12: =C12*D12 -> 43.720797 | F12: =IFERROR(INDEX('3_GrowthInputs'!$F$2:$F$201, MATCH(Q12, '3_GrowthInputs'!$G$2:$G$201, 0)), NA()) -> 15.748319 | G12: =IF(OR(ISNA(E12),ISNA(F12)),NA(),E12*F12/1000) -> 0.68852907 | H12: =IF(ISNA(G12),NA(),IF(G12>0,EXP(-1.085+0.9256*LN(G12))/G12,0)) -> 0.3474154 | I12: =IF(OR(ISNA(G12),ISNA(H12)),NA(),G12*H12) -> 0.2392056 | J12: =IF(OR(ISNA(G12),ISNA(I12)),NA(),G12+I12) -> 0.92773467 | K12: =Z12*0.47*(44/12) -> 1.5987961 | Q12: =A12&"|"&B12 -> Cashew|11 | Y12: =Y11*(1-AB2) + MAX(0,J11-J12) -> 0 | Z12: =J12+Y12 -> 0.92773467
A13: Cashew | B13: 12 | C13: =INDEX($N$2:$N$6, MATCH(A13, $M$2:$M$6, 0)) -> 70 | D13: =IF(B13=1,INDEX($T$2:$T$6, MATCH(A13, $S$2:$S$6, 0)),INDEX($T$2:$T$6, MATCH(A13, $S$2:$S$6, 0))*POWER(INDEX($U$2:$U$6, MATCH(A13, $S$2:$S$6, 0)),MIN(B13-1,2))*POWER(INDEX($V$2:$V$6, MATCH(A13, $S$2:$S$6, 0)),MAX(MIN(B13-3,17),0))*POWER(INDEX($W$2:$W$6, MATCH(A13, $S$2:$S$6, 0)),MAX(B13-20,0))) -> 0.61833699 | E13: =C13*D13 -> 43.283589 | F13: =IFERROR(INDEX('3_GrowthInputs'!$F$2:$F$201, MATCH(Q13, '3_GrowthInputs'!$G$2:$G$201, 0)), NA()) -> 22.108795 | G13: =IF(OR(ISNA(E13),ISNA(F13)),NA(),E13*F13/1000) -> 0.95694799 | H13: =IF(ISNA(G13),NA(),IF(G13>0,EXP(-1.085+0.9256*LN(G13))/G13,0)) -> 0.33900991 | I13: =IF(OR(ISNA(G13),ISNA(H13)),NA(),G13*H13) -> 0.32441485 | J13: =IF(OR(ISNA(G13),ISNA(I13)),NA(),G13+I13) -> 1.2813628 | K13: =Z13*0.47*(44/12) -> 2.2082153 | Q13: =A13&"|"&B13 -> Cashew|12 | Y13: =Y12*(1-AB2) + MAX(0,J12-J13) -> 0 | Z13: =J13+Y13 -> 1.2813628
A14: Cashew | B14: 13 | C14: =INDEX($N$2:$N$6, MATCH(A14, $M$2:$M$6, 0)) -> 70 | D14: =IF(B14=1,INDEX($T$2:$T$6, MATCH(A14, $S$2:$S$6, 0)),INDEX($T$2:$T$6, MATCH(A14, $S$2:$S$6, 0))*POWER(INDEX($U$2:$U$6, MATCH(A14, $S$2:$S$6, 0)),MIN(B14-1,2))*POWER(INDEX($V$2:$V$6, MATCH(A14, $S$2:$S$6, 0)),MAX(MIN(B14-3,17),0))*POWER(INDEX($W$2:$W$6, MATCH(A14, $S$2:$S$6, 0)),MAX(B14-20,0))) -> 0.61215362 | E14: =C14*D14 -> 42.850753 | F14: =IFERROR(INDEX('3_GrowthInputs'!$F$2:$F$201, MATCH(Q14, '3_GrowthInputs'!$G$2:$G$201, 0)), NA()) -> 30.183455 | G14: =IF(OR(ISNA(E14),ISNA(F14)),NA(),E14*F14/1000) -> 1.2933838 | H14: =IF(ISNA(G14),NA(),IF(G14>0,EXP(-1.085+0.9256*LN(G14))/G14,0)) -> 0.33149575 | I14: =IF(OR(ISNA(G14),ISNA(H14)),NA(),G14*H14) -> 0.42875123 | J14: =IF(OR(ISNA(G14),ISNA(I14)),NA(),G14+I14) -> 1.722135 | K14: =Z14*0.47*(44/12) -> 2.9678126 | Q14: =A14&"|"&B14 -> Cashew|13 | Y14: =Y13*(1-AB2) + MAX(0,J13-J14) -> 0 | Z14: =J14+Y14 -> 1.722135
A15: Cashew | B15: 14 | C15: =INDEX($N$2:$N$6, MATCH(A15, $M$2:$M$6, 0)) -> 70 | D15: =IF(B15=1,INDEX($T$2:$T$6, MATCH(A15, $S$2:$S$6, 0)),INDEX($T$2:$T$6, MATCH(A15, $S$2:$S$6, 0))*POWER(INDEX($U$2:$U$6, MATCH(A15, $S$2:$S$6, 0)),MIN(B15-1,2))*POWER(INDEX($V$2:$V$6, MATCH(A15, $S$2:$S$6, 0)),MAX(MIN(B15-3,17),0))*POWER(INDEX($W$2:$W$6, MATCH(A15, $S$2:$S$6, 0)),MAX(B15-20,0))) -> 0.60603208 | E15: =C15*D15 -> 42.422246 | F15: =IFERROR(INDEX('3_GrowthInputs'!$F$2:$F$201, MATCH(Q15, '3_GrowthInputs'!$G$2:$G$201, 0)), NA()) -> 40.054008 | G15: =IF(OR(ISNA(E15),ISNA(F15)),NA(),E15*F15/1000) -> 1.699181 | H15: =IF(ISNA(G15),NA(),IF(G15>0,EXP(-1.085+0.9256*LN(G15))/G15,0)) -> 0.32483339 | I15: =IF(OR(ISNA(G15),ISNA(H15)),NA(),G15*H15) -> 0.55195071 | J15: =IF(OR(ISNA(G15),ISNA(I15)),NA(),G15+I15) -> 2.2511317 | K15: =Z15*0.47*(44/12) -> 3.8794503 | Q15: =A15&"|"&B15 -> Cashew|14 | Y15: =Y14*(1-AB2) + MAX(0,J14-J15) -> 0 | Z15: =J15+Y15 -> 2.2511317
A16: Cashew | B16: 15 | C16: =INDEX($N$2:$N$6, MATCH(A16, $M$2:$M$6, 0)) -> 70 | D16: =IF(B16=1,INDEX($T$2:$T$6, MATCH(A16, $S$2:$S$6, 0)),INDEX($T$2:$T$6, MATCH(A16, $S$2:$S$6, 0))*POWER(INDEX($U$2:$U$6, MATCH(A16, $S$2:$S$6, 0)),MIN(B16-1,2))*POWER(INDEX($V$2:$V$6, MATCH(A16, $S$2:$S$6, 0)),MAX(MIN(B16-3,17),0))*POWER(INDEX($W$2:$W$6, MATCH(A16, $S$2:$S$6, 0)),MAX(B16-20,0))) -> 0.59997176 | E16: =C16*D16 -> 41.998023 | F16: =IFERROR(INDEX('3_GrowthInputs'!$F$2:$F$201, MATCH(Q16, '3_GrowthInputs'!$G$2:$G$201, 0)), NA()) -> 51.663063 | G16: =IF(OR(ISNA(E16),ISNA(F16)),NA(),E16*F16/1000) -> 2.1697465 | H16: =IF(ISNA(G16),NA(),IF(G16>0,EXP(-1.085+0.9256*LN(G16))/G16,0)) -> 0.31897868 | I16: =IF(OR(ISNA(G16),ISNA(H16)),NA(),G16*H16) -> 0.69210288 | J16: =IF(OR(ISNA(G16),ISNA(I16)),NA(),G16+I16) -> 2.8618494 | K16: =Z16*0.47*(44/12) -> 4.9319205 | Q16: =A16&"|"&B16 -> Cashew|15 | Y16: =Y15*(1-AB2) + MAX(0,J15-J16) -> 0 | Z16: =J16+Y16 -> 2.8618494
A17: Cashew | B17: 16 | C17: =INDEX($N$2:$N$6, MATCH(A17, $M$2:$M$6, 0)) -> 70 | D17: =IF(B17=1,INDEX($T$2:$T$6, MATCH(A17, $S$2:$S$6, 0)),INDEX($T$2:$T$6, MATCH(A17, $S$2:$S$6, 0))*POWER(INDEX($U$2:$U$6, MATCH(A17, $S$2:$S$6, 0)),MIN(B17-1,2))*POWER(INDEX($V$2:$V$6, MATCH(A17, $S$2:$S$6, 0)),MAX(MIN(B17-3,17),0))*POWER(INDEX($W$2:$W$6, MATCH(A17, $S$2:$S$6, 0)),MAX(B17-20,0))) -> 0.59397204 | E17: =C17*D17 -> 41.578043 | F17: =IFERROR(INDEX('3_GrowthInputs'!$F$2:$F$201, MATCH(Q17, '3_GrowthInputs'!$G$2:$G$201, 0)), NA()) -> 64.817597 | G17: =IF(OR(ISNA(E17),ISNA(F17)),NA(),E17*F17/1000) -> 2.6949888 | H17: =IF(ISNA(G17),NA(),IF(G17>0,EXP(-1.085+0.9256*LN(G17))/G17,0)) -> 0.31387523 | I17: =IF(OR(ISNA(G17),ISNA(H17)),NA(),G17*H17) -> 0.84589025 | J17: =IF(OR(ISNA(G17),ISNA(I17)),NA(),G17+I17) -> 3.5408791 | K17: =Z17*0.47*(44/12) -> 6.102115 | Q17: =A17&"|"&B17 -> Cashew|16 | Y17: =Y16*(1-AB2) + MAX(0,J16-J17) -> 0 | Z17: =J17+Y17 -> 3.5408791
A18: Cashew | B18: 17 | C18: =INDEX($N$2:$N$6, MATCH(A18, $M$2:$M$6, 0)) -> 70 | D18: =IF(B18=1,INDEX($T$2:$T$6, MATCH(A18, $S$2:$S$6, 0)),INDEX($T$2:$T$6, MATCH(A18, $S$2:$S$6, 0))*POWER(INDEX($U$2:$U$6, MATCH(A18, $S$2:$S$6, 0)),MIN(B18-1,2))*POWER(INDEX($V$2:$V$6, MATCH(A18, $S$2:$S$6, 0)),MAX(MIN(B18-3,17),0))*POWER(INDEX($W$2:$W$6, MATCH(A18, $S$2:$S$6, 0)),MAX(B18-20,0))) -> 0.58803232 | E18: =C18*D18 -> 41.162263 | F18: =IFERROR(INDEX('3_GrowthInputs'!$F$2:$F$201, MATCH(Q18, '3_GrowthInputs'!$G$2:$G$201, 0)), NA()) -> 79.188627 | G18: =IF(OR(ISNA(E18),ISNA(F18)),NA(),E18*F18/1000) -> 3.259583 | H18: =IF(ISNA(G18),NA(),IF(G18>0,EXP(-1.085+0.9256*LN(G18))/G18,0)) -> 0.30946478 | I18: =IF(OR(ISNA(G18),ISNA(H18)),NA(),G18*H18) -> 1.0087262 | J18: =IF(OR(ISNA(G18),ISNA(I18)),NA(),G18+I18) -> 4.2683092 | K18: =Z18*0.47*(44/12) -> 7.3557195 | Q18: =A18&"|"&B18 -> Cashew|17 | Y18: =Y17*(1-AB2) + MAX(0,J17-J18) -> 0 | Z18: =J18+Y18 -> 4.2683092
A19: Cashew | B19: 18 | C19: =INDEX($N$2:$N$6, MATCH(A19, $M$2:$M$6, 0)) -> 70 | D19: =IF(B19=1,INDEX($T$2:$T$6, MATCH(A19, $S$2:$S$6, 0)),INDEX($T$2:$T$6, MATCH(A19, $S$2:$S$6, 0))*POWER(INDEX($U$2:$U$6, MATCH(A19, $S$2:$S$6, 0)),MIN(B19-1,2))*POWER(INDEX($V$2:$V$6, MATCH(A19, $S$2:$S$6, 0)),MAX(MIN(B19-3,17),0))*POWER(INDEX($W$2:$W$6, MATCH(A19, $S$2:$S$6, 0)),MAX(B19-20,0))) -> 0.582152 | E19: =C19*D19 -> 40.75064 | F19: =IFERROR(INDEX('3_GrowthInputs'!$F$2:$F$201, MATCH(Q19, '3_GrowthInputs'!$G$2:$G$201, 0)), NA()) -> 94.378166 | G19: =IF(OR(ISNA(E19),ISNA(F19)),NA(),E19*F19/1000) -> 3.8459706 | H19: =IF(ISNA(G19),NA(),IF(G19>0,EXP(-1.085+0.9256*LN(G19))/G19,0)) -> 0.30567931 | I19: =IF(OR(ISNA(G19),ISNA(H19)),NA(),G19*H19) -> 1.1756336 | J19: =IF(OR(ISNA(G19),ISNA(I19)),NA(),G19+I19) -> 5.0216043 | K19: =Z19*0.47*(44/12) -> 8.6538981 | Q19: =A19&"|"&B19 -> Cashew|18 | Y19: =Y18*(1-AB2) + MAX(0,J18-J19) -> 0 | Z19: =J19+Y19 -> 5.0216043
A20: Cashew | B20: 19 | C20: =INDEX($N$2:$N$6, MATCH(A20, $M$2:$M$6, 0)) -> 70 | D20: =IF(B20=1,INDEX($T$2:$T$6, MATCH(A20, $S$2:$S$6, 0)),INDEX($T$2:$T$6, MATCH(A20, $S$2:$S$6, 0))*POWER(INDEX($U$2:$U$6, MATCH(A20, $S$2:$S$6, 0)),MIN(B20-1,2))*POWER(INDEX($V$2:$V$6, MATCH(A20, $S$2:$S$6, 0)),MAX(MIN(B20-3,17),0))*POWER(INDEX($W$2:$W$6, MATCH(A20, $S$2:$S$6, 0)),MAX(B20-20,0))) -> 0.57633048 | E20: =C20*D20 -> 40.343134 | F20: =IFERROR(INDEX('3_GrowthInputs'!$F$2:$F$201, MATCH(Q20, '3_GrowthInputs'!$G$2:$G$201, 0)), NA()) -> 109.90193 | G20: =IF(OR(ISNA(E20),ISNA(F20)),NA(),E20*F20/1000) -> 4.4337883 | H20: =IF(ISNA(G20),NA(),IF(G20>0,EXP(-1.085+0.9256*LN(G20))/G20,0)) -> 0.30246173 | I20: =IF(OR(ISNA(G20),ISNA(H20)),NA(),G20*H20) -> 1.3410513 | J20: =IF(OR(ISNA(G20),ISNA(I20)),NA(),G20+I20) -> 5.7748395 | K20: =Z20*0.47*(44/12) -> 9.9519735 | Q20: =A20&"|"&B20 -> Cashew|19 | Y20: =Y19*(1-AB2) + MAX(0,J19-J20) -> 0 | Z20: =J20+Y20 -> 5.7748395
A21: Cashew | B21: 20 | C21: =INDEX($N$2:$N$6, MATCH(A21, $M$2:$M$6, 0)) -> 70 | D21: =IF(B21=1,INDEX($T$2:$T$6, MATCH(A21, $S$2:$S$6, 0)),INDEX($T$2:$T$6, MATCH(A21, $S$2:$S$6, 0))*POWER(INDEX($U$2:$U$6, MATCH(A21, $S$2:$S$6, 0)),MIN(B21-1,2))*POWER(INDEX($V$2:$V$6, MATCH(A21, $S$2:$S$6, 0)),MAX(MIN(B21-3,17),0))*POWER(INDEX($W$2:$W$6, MATCH(A21, $S$2:$S$6, 0)),MAX(B21-20,0))) -> 0.57056717 | E21: =C21*D21 -> 39.939702 | F21: =IFERROR(INDEX('3_GrowthInputs'!$F$2:$F$201, MATCH(Q21, '3_GrowthInputs'!$G$2:$G$201, 0)), NA()) -> 125.31585 | G21: =IF(OR(ISNA(E21),ISNA(F21)),NA(),E21*F21/1000) -> 5.0050778 | H21: =IF(ISNA(G21),NA(),IF(G21>0,EXP(-1.085+0.9256*LN(G21))/G21,0)) -> 0.29974664 | I21: =IF(OR(ISNA(G21),ISNA(H21)),NA(),G21*H21) -> 1.5002553 | J21: =IF(OR(ISNA(G21),ISNA(I21)),NA(),G21+I21) -> 6.5053331 | K21: =Z21*0.47*(44/12) -> 11.210857 | Q21: =A21&"|"&B21 -> Cashew|20 | Y21: =Y20*(1-AB2) + MAX(0,J20-J21) -> 0 | Z21: =J21+Y21 -> 6.5053331
A22: Cashew | B22: 21 | C22: =INDEX($N$2:$N$6, MATCH(A22, $M$2:$M$6, 0)) -> 70 | D22: =IF(B22=1,INDEX($T$2:$T$6, MATCH(A22, $S$2:$S$6, 0)),INDEX($T$2:$T$6, MATCH(A22, $S$2:$S$6, 0))*POWER(INDEX($U$2:$U$6, MATCH(A22, $S$2:$S$6, 0)),MIN(B22-1,2))*POWER(INDEX($V$2:$V$6, MATCH(A22, $S$2:$S$6, 0)),MAX(MIN(B22-3,17),0))*POWER(INDEX($W$2:$W$6, MATCH(A22, $S$2:$S$6, 0)),MAX(B22-20,0))) -> 0.56200867 | E22: =C22*D22 -> 39.340607 | F22: =IFERROR(INDEX('3_GrowthInputs'!$F$2:$F$201, MATCH(Q22, '3_GrowthInputs'!$G$2:$G$201, 0)), NA()) -> 140.233 | G22: =IF(OR(ISNA(E22),ISNA(F22)),NA(),E22*F22/1000) -> 5.5168515 | H22: =IF(ISNA(G22),NA(),IF(G22>0,EXP(-1.085+0.9256*LN(G22))/G22,0)) -> 0.29758337 | I22: =IF(OR(ISNA(G22),ISNA(H22)),NA(),G22*H22) -> 1.6417232 | J22: =IF(OR(ISNA(G22),ISNA(I22)),NA(),G22+I22) -> 7.1585747 | K22: =Z22*0.47*(44/12) -> 12.33661 | Q22: =A22&"|"&B22 -> Cashew|21 | Y22: =Y21*(1-AB2) + MAX(0,J21-J22) -> 0 | Z22: =J22+Y22 -> 7.1585747
A23: Cashew | B23: 22 | C23: =INDEX($N$2:$N$6, MATCH(A23, $M$2:$M$6, 0)) -> 70 | D23: =IF(B23=1,INDEX($T$2:$T$6, MATCH(A23, $S$2:$S$6, 0)),INDEX($T$2:$T$6, MATCH(A23, $S$2:$S$6, 0))*POWER(INDEX($U$2:$U$6, MATCH(A23, $S$2:$S$6, 0)),MIN(B23-1,2))*POWER(INDEX($V$2:$V$6, MATCH(A23, $S$2:$S$6, 0)),MAX(MIN(B23-3,17),0))*POWER(INDEX($W$2:$W$6, MATCH(A23, $S$2:$S$6, 0)),MAX(B23-20,0))) -> 0.55357854 | E23: =C23*D23 -> 38.750498 | F23: =IFERROR(INDEX('3_GrowthInputs'!$F$2:$F$201, MATCH(Q23, '3_GrowthInputs'!$G$2:$G$201, 0)), NA()) -> 154.31623 | G23: =IF(OR(ISNA(E23),ISNA(F23)),NA(),E23*F23/1000) -> 5.9798307 | H23: =IF(ISNA(G23),NA(),IF(G23>0,EXP(-1.085+0.9256*LN(G23))/G23,0)) -> 0.29580454 | I23: =IF(OR(ISNA(G23),ISNA(H23)),NA(),G23*H23) -> 1.7688611 | J23: =IF(OR(ISNA(G23),ISNA(I23)),NA(),G23+I23) -> 7.7486917 | K23: =Z23*0.47*(44/12) -> 13.353579 | Q23: =A23&"|"&B23 -> Cashew|22 | Y23: =Y22*(1-AB2) + MAX(0,J22-J23) -> 0 | Z23: =J23+Y23 -> 7.7486917
A24: Cashew | B24: 23 | C24: =INDEX($N$2:$N$6, MATCH(A24, $M$2:$M$6, 0)) -> 70 | D24: =IF(B24=1,INDEX($T$2:$T$6, MATCH(A24, $S$2:$S$6, 0)),INDEX($T$2:$T$6, MATCH(A24, $S$2:$S$6, 0))*POWER(INDEX($U$2:$U$6, MATCH(A24, $S$2:$S$6, 0)),MIN(B24-1,2))*POWER(INDEX($V$2:$V$6, MATCH(A24, $S$2:$S$6, 0)),MAX(MIN(B24-3,17),0))*POWER(INDEX($W$2:$W$6, MATCH(A24, $S$2:$S$6, 0)),MAX(B24-20,0))) -> 0.54527486 | E24: =C24*D24 -> 38.16924 | F24: =IFERROR(INDEX('3_GrowthInputs'!$F$2:$F$201, MATCH(Q24, '3_GrowthInputs'!$G$2:$G$201, 0)), NA()) -> 167.34989 | G24: =IF(OR(ISNA(E24),ISNA(F24)),NA(),E24*F24/1000) -> 6.3876182 | H24: =IF(ISNA(G24),NA(),IF(G24>0,EXP(-1.085+0.9256*LN(G24))/G24,0)) -> 0.29435626 | I24: =IF(OR(ISNA(G24),ISNA(H24)),NA(),G24*H24) -> 1.8802354 | J24: =IF(OR(ISNA(G24),ISNA(I24)),NA(),G24+I24) -> 8.2678536 | K24: =Z24*0.47*(44/12) -> 14.248268 | Q24: =A24&"|"&B24 -> Cashew|23 | Y24: =Y23*(1-AB2) + MAX(0,J23-J24) -> 0 | Z24: =J24+Y24 -> 8.2678536
A25: Cashew | B25: 24 | C25: =INDEX($N$2:$N$6, MATCH(A25, $M$2:$M$6, 0)) -> 70 | D25: =IF(B25=1,INDEX($T$2:$T$6, MATCH(A25, $S$2:$S$6, 0)),INDEX($T$2:$T$6, MATCH(A25, $S$2:$S$6, 0))*POWER(INDEX($U$2:$U$6, MATCH(A25, $S$2:$S$6, 0)),MIN(B25-1,2))*POWER(INDEX($V$2:$V$6, MATCH(A25, $S$2:$S$6, 0)),MAX(MIN(B25-3,17),0))*POWER(INDEX($W$2:$W$6, MATCH(A25, $S$2:$S$6, 0)),MAX(B25-20,0))) -> 0.53709574 | E25: =C25*D25 -> 37.596701 | F25: =IFERROR(INDEX('3_GrowthInputs'!$F$2:$F$201, MATCH(Q25, '3_GrowthInputs'!$G$2:$G$201, 0)), NA()) -> 179.17751 | G25: =IF(OR(ISNA(E25),ISNA(F25)),NA(),E25*F25/1000) -> 6.7364833 | H25: =IF(ISNA(G25),NA(),IF(G25>0,EXP(-1.085+0.9256*LN(G25))/G25,0)) -> 0.29319398 | I25: =IF(OR(ISNA(G25),ISNA(H25)),NA(),G25*H25) -> 1.9750964 | J25: =IF(OR(ISNA(G25),ISNA(I25)),NA(),G25+I25) -> 8.7115797 | K25: =Z25*0.47*(44/12) -> 15.012956 | Q25: =A25&"|"&B25 -> Cashew|24 | Y25: =Y24*(1-AB2) + MAX(0,J24-J25) -> 0 | Z25: =J25+Y25 -> 8.7115797
A26: Cashew | B26: 25 | C26: =INDEX($N$2:$N$6, MATCH(A26, $M$2:$M$6, 0)) -> 70 | D26: =IF(B26=1,INDEX($T$2:$T$6, MATCH(A26, $S$2:$S$6, 0)),INDEX($T$2:$T$6, MATCH(A26, $S$2:$S$6, 0))*POWER(INDEX($U$2:$U$6, MATCH(A26, $S$2:$S$6, 0)),MIN(B26-1,2))*POWER(INDEX($V$2:$V$6, MATCH(A26, $S$2:$S$6, 0)),MAX(MIN(B26-3,17),0))*POWER(INDEX($W$2:$W$6, MATCH(A26, $S$2:$S$6, 0)),MAX(B26-20,0))) -> 0.5290393 | E26: =C26*D26 -> 37.032751 | F26: =IFERROR(INDEX('3_GrowthInputs'!$F$2:$F$201, MATCH(Q26, '3_GrowthInputs'!$G$2:$G$201, 0)), NA()) -> 189.74599 | G26: =IF(OR(ISNA(E26),ISNA(F26)),NA(),E26*F26/1000) -> 7.026816 | H26: =IF(ISNA(G26),NA(),IF(G26>0,EXP(-1.085+0.9256*LN(G26))/G26,0)) -> 0.29227499 | I26: =IF(OR(ISNA(G26),ISNA(H26)),NA(),G26*H26) -> 2.0537625 | J26: =IF(OR(ISNA(G26),ISNA(I26)),NA(),G26+I26) -> 9.0805785 | K26: =Z26*0.47*(44/12) -> 15.648864 | Q26: =A26&"|"&B26 -> Cashew|25 | Y26: =Y25*(1-AB2) + MAX(0,J25-J26) -> 0 | Z26: =J26+Y26 -> 9.0805785
A27: Cashew | B27: 26 | C27: =INDEX($N$2:$N$6, MATCH(A27, $M$2:$M$6, 0)) -> 70 | D27: =IF(B27=1,INDEX($T$2:$T$6, MATCH(A27, $S$2:$S$6, 0)),INDEX($T$2:$T$6, MATCH(A27, $S$2:$S$6, 0))*POWER(INDEX($U$2:$U$6, MATCH(A27, $S$2:$S$6, 0)),MIN(B27-1,2))*POWER(INDEX($V$2:$V$6, MATCH(A27, $S$2:$S$6, 0)),MAX(MIN(B27-3,17),0))*POWER(INDEX($W$2:$W$6, MATCH(A27, $S$2:$S$6, 0)),MAX(B27-20,0))) -> 0.52110371 | E27: =C27*D27 -> 36.47726 | F27: =IFERROR(INDEX('3_GrowthInputs'!$F$2:$F$201, MATCH(Q27, '3_GrowthInputs'!$G$2:$G$201, 0)), NA()) -> 199.06328 | G27: =IF(OR(ISNA(E27),ISNA(F27)),NA(),E27*F27/1000) -> 7.2612831 | H27: =IF(ISNA(G27),NA(),IF(G27>0,EXP(-1.085+0.9256*LN(G27))/G27,0)) -> 0.29156212 | I27: =IF(OR(ISNA(G27),ISNA(H27)),NA(),G27*H27) -> 2.1171151 | J27: =IF(OR(ISNA(G27),ISNA(I27)),NA(),G27+I27) -> 9.3783981 | K27: =Z27*0.47*(44/12) -> 16.162106 | Q27: =A27&"|"&B27 -> Cashew|26 | Y27: =Y26*(1-AB2) + MAX(0,J26-J27) -> 0 | Z27: =J27+Y27 -> 9.3783981
A28: Cashew | B28: 27 | C28: =INDEX($N$2:$N$6, MATCH(A28, $M$2:$M$6, 0)) -> 70 | D28: =IF(B28=1,INDEX($T$2:$T$6, MATCH(A28, $S$2:$S$6, 0)),INDEX($T$2:$T$6, MATCH(A28, $S$2:$S$6, 0))*POWER(INDEX($U$2:$U$6, MATCH(A28, $S$2:$S$6, 0)),MIN(B28-1,2))*POWER(INDEX($V$2:$V$6, MATCH(A28, $S$2:$S$6, 0)),MAX(MIN(B28-3,17),0))*POWER(INDEX($W$2:$W$6, MATCH(A28, $S$2:$S$6, 0)),MAX(B28-20,0))) -> 0.51328715 | E28: =C28*D28 -> 35.930101 | F28: =IFERROR(INDEX('3_GrowthInputs'!$F$2:$F$201, MATCH(Q28, '3_GrowthInputs'!$G$2:$G$201, 0)), NA()) -> 207.18847 | G28: =IF(OR(ISNA(E28),ISNA(F28)),NA(),E28*F28/1000) -> 7.4443028 | H28: =IF(ISNA(G28),NA(),IF(G28>0,EXP(-1.085+0.9256*LN(G28))/G28,0)) -> 0.29102264 | I28: =IF(OR(ISNA(G28),ISNA(H28)),NA(),G28*H28) -> 2.1664607 | J28: =IF(OR(ISNA(G28),ISNA(I28)),NA(),G28+I28) -> 9.6107634 | K28: =Z28*0.47*(44/12) -> 16.562549 | Q28: =A28&"|"&B28 -> Cashew|27 | Y28: =Y27*(1-AB2) + MAX(0,J27-J28) -> 0 | Z28: =J28+Y28 -> 9.6107634
A29: Cashew | B29: 28 | C29: =INDEX($N$2:$N$6, MATCH(A29, $M$2:$M$6, 0)) -> 70 | D29: =IF(B29=1,INDEX($T$2:$T$6, MATCH(A29, $S$2:$S$6, 0)),INDEX($T$2:$T$6, MATCH(A29, $S$2:$S$6, 0))*POWER(INDEX($U$2:$U$6, MATCH(A29, $S$2:$S$6, 0)),MIN(B29-1,2))*POWER(INDEX($V$2:$V$6, MATCH(A29, $S$2:$S$6, 0)),MAX(MIN(B29-3,17),0))*POWER(INDEX($W$2:$W$6, MATCH(A29, $S$2:$S$6, 0)),MAX(B29-20,0))) -> 0.50558785 | E29: =C29*D29 -> 35.391149 | F29: =IFERROR(INDEX('3_GrowthInputs'!$F$2:$F$201, MATCH(Q29, '3_GrowthInputs'!$G$2:$G$201, 0)), NA()) -> 214.19668 | G29: =IF(OR(ISNA(E29),ISNA(F29)),NA(),E29*F29/1000) -> 7.5806668 | H29: =IF(ISNA(G29),NA(),IF(G29>0,EXP(-1.085+0.9256*LN(G29))/G29,0)) -> 0.29062988 | I29: =IF(OR(ISNA(G29),ISNA(H29)),NA(),G29*H29) -> 2.2031683 | J29: =IF(OR(ISNA(G29),ISNA(I29)),NA(),G29+I29) -> 9.7838351 | K29: =Z29*0.47*(44/12) -> 16.860809 | Q29: =A29&"|"&B29 -> Cashew|28 | Y29: =Y28*(1-AB2) + MAX(0,J28-J29) -> 0 | Z29: =J29+Y29 -> 9.7838351
A30: Cashew | B30: 29 | C30: =INDEX($N$2:$N$6, MATCH(A30, $M$2:$M$6, 0)) -> 70 | D30: =IF(B30=1,INDEX($T$2:$T$6, MATCH(A30, $S$2:$S$6, 0)),INDEX($T$2:$T$6, MATCH(A30, $S$2:$S$6, 0))*POWER(INDEX($U$2:$U$6, MATCH(A30, $S$2:$S$6, 0)),MIN(B30-1,2))*POWER(INDEX($V$2:$V$6, MATCH(A30, $S$2:$S$6, 0)),MAX(MIN(B30-3,17),0))*POWER(INDEX($W$2:$W$6, MATCH(A30, $S$2:$S$6, 0)),MAX(B30-20,0))) -> 0.49800403 | E30: =C30*D30 -> 34.860282 | F30: =IFERROR(INDEX('3_GrowthInputs'!$F$2:$F$201, MATCH(Q30, '3_GrowthInputs'!$G$2:$G$201, 0)), NA()) -> 220.18949 | G30: =IF(OR(ISNA(E30),ISNA(F30)),NA(),E30*F30/1000) -> 7.6758679 | H30: =IF(ISNA(G30),NA(),IF(G30>0,EXP(-1.085+0.9256*LN(G30))/G30,0)) -> 0.29036014 | I30: =IF(OR(ISNA(G30),ISNA(H30)),NA(),G30*H30) -> 2.2287661 | J30: =IF(OR(ISNA(G30),ISNA(I30)),NA(),G30+I30) -> 9.904634 | K30: =Z30*0.47*(44/12) -> 17.068986 | Q30: =A30&"|"&B30 -> Cashew|29 | Y30: =Y29*(1-AB2) + MAX(0,J29-J30) -> 0 | Z30: =J30+Y30 -> 9.904634
A31: Cashew | B31: 30 | C31: =INDEX($N$2:$N$6, MATCH(A31, $M$2:$M$6, 0)) -> 70 | D31: =IF(B31=1,INDEX($T$2:$T$6, MATCH(A31, $S$2:$S$6, 0)),INDEX($T$2:$T$6, MATCH(A31, $S$2:$S$6, 0))*POWER(INDEX($U$2:$U$6, MATCH(A31, $S$2:$S$6, 0)),MIN(B31-1,2))*POWER(INDEX($V$2:$V$6, MATCH(A31, $S$2:$S$6, 0)),MAX(MIN(B31-3,17),0))*POWER(INDEX($W$2:$W$6, MATCH(A31, $S$2:$S$6, 0)),MAX(B31-20,0))) -> 0.49053397 | E31: =C31*D31 -> 34.337378 | F31: =IFERROR(INDEX('3_GrowthInputs'!$F$2:$F$201, MATCH(Q31, '3_GrowthInputs'!$G$2:$G$201, 0)), NA()) -> 225.27825 | G31: =IF(OR(ISNA(E31),ISNA(F31)),NA(),E31*F31/1000) -> 7.7354643 | H31: =IF(ISNA(G31),NA(),IF(G31>0,EXP(-1.085+0.9256*LN(G31))/G31,0)) -> 0.29019311 | I31: =IF(OR(ISNA(G31),ISNA(H31)),NA(),G31*H31) -> 2.2447785 | J31: =IF(OR(ISNA(G31),ISNA(I31)),NA(),G31+I31) -> 9.9802427 | K31: =Z31*0.47*(44/12) -> 17.199285 | Q31: =A31&"|"&B31 -> Cashew|30 | Y31: =Y30*(1-AB2) + MAX(0,J30-J31) -> 0 | Z31: =J31+Y31 -> 9.9802427
A32: Cashew | B32: 31 | C32: =INDEX($N$2:$N$6, MATCH(A32, $M$2:$M$6, 0)) -> 70 | D32: =IF(B32=1,INDEX($T$2:$T$6, MATCH(A32, $S$2:$S$6, 0)),INDEX($T$2:$T$6, MATCH(A32, $S$2:$S$6, 0))*POWER(INDEX($U$2:$U$6, MATCH(A32, $S$2:$S$6, 0)),MIN(B32-1,2))*POWER(INDEX($V$2:$V$6, MATCH(A32, $S$2:$S$6, 0)),MAX(MIN(B32-3,17),0))*POWER(INDEX($W$2:$W$6, MATCH(A32, $S$2:$S$6, 0)),MAX(B32-20,0))) -> 0.48317596 | E32: =C32*D32 -> 33.822317 | F32: =IFERROR(INDEX('3_GrowthInputs'!$F$2:$F$201, MATCH(Q32, '3_GrowthInputs'!$G$2:$G$201, 0)), NA()) -> 229.58908 | G32: =IF(OR(ISNA(E32),ISNA(F32)),NA(),E32*F32/1000) -> 7.7652348 | H32: =IF(ISNA(G32),NA(),IF(G32>0,EXP(-1.085+0.9256*LN(G32))/G32,0)) -> 0.29011019 | I32: =IF(OR(ISNA(G32),ISNA(H32)),NA(),G32*H32) -> 2.2527738 | J32: =IF(OR(ISNA(G32),ISNA(I32)),NA(),G32+I32) -> 10.018009 | K32: =Z32*0.47*(44/12) -> 17.264368 | Q32: =A32&"|"&B32 -> Cashew|31 | Y32: =Y31*(1-AB2) + MAX(0,J31-J32) -> 0 | Z32: =J32+Y32 -> 10.018009
A33: Cashew | B33: 32 | C33: =INDEX($N$2:$N$6, MATCH(A33, $M$2:$M$6, 0)) -> 70 | D33: =IF(B33=1,INDEX($T$2:$T$6, MATCH(A33, $S$2:$S$6, 0)),INDEX($T$2:$T$6, MATCH(A33, $S$2:$S$6, 0))*POWER(INDEX($U$2:$U$6, MATCH(A33, $S$2:$S$6, 0)),MIN(B33-1,2))*POWER(INDEX($V$2:$V$6, MATCH(A33, $S$2:$S$6, 0)),MAX(MIN(B33-3,17),0))*POWER(INDEX($W$2:$W$6, MATCH(A33, $S$2:$S$6, 0)),MAX(B33-20,0))) -> 0.47592832 | E33: =C33*D33 -> 33.314982 | F33: =IFERROR(INDEX('3_GrowthInputs'!$F$2:$F$201, MATCH(Q33, '3_GrowthInputs'!$G$2:$G$201, 0)), NA()) -> 233.20454 | G33: =IF(OR(ISNA(E33),ISNA(F33)),NA(),E33*F33/1000) -> 7.769205 | H33: =IF(ISNA(G33),NA(),IF(G33>0,EXP(-1.085+0.9256*LN(G33))/G33,0)) -> 0.29009916 | I33: =IF(OR(ISNA(G33),ISNA(H33)),NA(),G33*H33) -> 2.2538398 | J33: =IF(OR(ISNA(G33),ISNA(I33)),NA(),G33+I33) -> 10.023045 | K33: =Z33*0.47*(44/12) -> 17.273047 | Q33: =A33&"|"&B33 -> Cashew|32 | Y33: =Y32*(1-AB2) + MAX(0,J32-J33) -> 0 | Z33: =J33+Y33 -> 10.023045
A34: Cashew | B34: 33 | C34: =INDEX($N$2:$N$6, MATCH(A34, $M$2:$M$6, 0)) -> 70 | D34: =IF(B34=1,INDEX($T$2:$T$6, MATCH(A34, $S$2:$S$6, 0)),INDEX($T$2:$T$6, MATCH(A34, $S$2:$S$6, 0))*POWER(INDEX($U$2:$U$6, MATCH(A34, $S$2:$S$6, 0)),MIN(B34-1,2))*POWER(INDEX($V$2:$V$6, MATCH(A34, $S$2:$S$6, 0)),MAX(MIN(B34-3,17),0))*POWER(INDEX($W$2:$W$6, MATCH(A34, $S$2:$S$6, 0)),MAX(B34-20,0))) -> 0.4687894 | E34: =C34*D34 -> 32.815258 | F34: =IFERROR(INDEX('3_GrowthInputs'!$F$2:$F$201, MATCH(Q34, '3_GrowthInputs'!$G$2:$G$201, 0)), NA()) -> 236.25603 | G34: =IF(OR(ISNA(E34),ISNA(F34)),NA(),E34*F34/1000) -> 7.7528024 | H34: =IF(ISNA(G34),NA(),IF(G34>0,EXP(-1.085+0.9256*LN(G34))/G34,0)) -> 0.29014478 | I34: =IF(OR(ISNA(G34),ISNA(H34)),NA(),G34*H34) -> 2.2494351 | J34: =IF(OR(ISNA(G34),ISNA(I34)),NA(),G34+I34) -> 10.002238 | K34: =Z34*0.47*(44/12) -> 17.273047 | Q34: =A34&"|"&B34 -> Cashew|33 | Y34: =Y33*(1-AB2) + MAX(0,J33-J34) -> 0.020807336 | Z34: =J34+Y34 -> 10.023045
A35: Cashew | B35: 34 | C35: =INDEX($N$2:$N$6, MATCH(A35, $M$2:$M$6, 0)) -> 70 | D35: =IF(B35=1,INDEX($T$2:$T$6, MATCH(A35, $S$2:$S$6, 0)),INDEX($T$2:$T$6, MATCH(A35, $S$2:$S$6, 0))*POWER(INDEX($U$2:$U$6, MATCH(A35, $S$2:$S$6, 0)),MIN(B35-1,2))*POWER(INDEX($V$2:$V$6, MATCH(A35, $S$2:$S$6, 0)),MAX(MIN(B35-3,17),0))*POWER(INDEX($W$2:$W$6, MATCH(A35, $S$2:$S$6, 0)),MAX(B35-20,0))) -> 0.46175755 | E35: =C35*D35 -> 32.323029 | F35: =IFERROR(INDEX('3_GrowthInputs'!$F$2:$F$201, MATCH(Q35, '3_GrowthInputs'!$G$2:$G$201, 0)), NA()) -> 238.766 | G35: =IF(OR(ISNA(E35),ISNA(F35)),NA(),E35*F35/1000) -> 7.7176402 | H35: =IF(ISNA(G35),NA(),IF(G35>0,EXP(-1.085+0.9256*LN(G35))/G35,0)) -> 0.29024292 | I35: =IF(OR(ISNA(G35),ISNA(H35)),NA(),G35*H35) -> 2.2399905 | J35: =IF(OR(ISNA(G35),ISNA(I35)),NA(),G35+I35) -> 9.9576307 | K35: =Z35*0.47*(44/12) -> 17.269462 | Q35: =A35&"|"&B35 -> Cashew|34 | Y35: =Y34*(1-AB2) + MAX(0,J34-J35) -> 0.063333437 | Z35: =J35+Y35 -> 10.020964
A36: Cashew | B36: 35 | C36: =INDEX($N$2:$N$6, MATCH(A36, $M$2:$M$6, 0)) -> 70 | D36: =IF(B36=1,INDEX($T$2:$T$6, MATCH(A36, $S$2:$S$6, 0)),INDEX($T$2:$T$6, MATCH(A36, $S$2:$S$6, 0))*POWER(INDEX($U$2:$U$6, MATCH(A36, $S$2:$S$6, 0)),MIN(B36-1,2))*POWER(INDEX($V$2:$V$6, MATCH(A36, $S$2:$S$6, 0)),MAX(MIN(B36-3,17),0))*POWER(INDEX($W$2:$W$6, MATCH(A36, $S$2:$S$6, 0)),MAX(B36-20,0))) -> 0.45483119 | E36: =C36*D36 -> 31.838183 | F36: =IFERROR(INDEX('3_GrowthInputs'!$F$2:$F$201, MATCH(Q36, '3_GrowthInputs'!$G$2:$G$201, 0)), NA()) -> 240.87793 | G36: =IF(OR(ISNA(E36),ISNA(F36)),NA(),E36*F36/1000) -> 7.6691157 | H36: =IF(ISNA(G36),NA(),IF(G36>0,EXP(-1.085+0.9256*LN(G36))/G36,0)) -> 0.29037916 | I36: =IF(OR(ISNA(G36),ISNA(H36)),NA(),G36*H36) -> 2.2269513 | J36: =IF(OR(ISNA(G36),ISNA(I36)),NA(),G36+I36) -> 9.8960671 | K36: =Z36*0.47*(44/12) -> 17.258547 | Q36: =A36&"|"&B36 -> Cashew|35 | Y36: =Y35*(1-AB2) + MAX(0,J35-J36) -> 0.11856374 | Z36: =J36+Y36 -> 10.014631
A37: Cashew | B37: 36 | C37: =INDEX($N$2:$N$6, MATCH(A37, $M$2:$M$6, 0)) -> 70 | D37: =IF(B37=1,INDEX($T$2:$T$6, MATCH(A37, $S$2:$S$6, 0)),INDEX($T$2:$T$6, MATCH(A37, $S$2:$S$6, 0))*POWER(INDEX($U$2:$U$6, MATCH(A37, $S$2:$S$6, 0)),MIN(B37-1,2))*POWER(INDEX($V$2:$V$6, MATCH(A37, $S$2:$S$6, 0)),MAX(MIN(B37-3,17),0))*POWER(INDEX($W$2:$W$6, MATCH(A37, $S$2:$S$6, 0)),MAX(B37-20,0))) -> 0.44800872 | E37: =C37*D37 -> 31.360611 | F37: =IFERROR(INDEX('3_GrowthInputs'!$F$2:$F$201, MATCH(Q37, '3_GrowthInputs'!$G$2:$G$201, 0)), NA()) -> 242.64027 | G37: =IF(OR(ISNA(E37),ISNA(F37)),NA(),E37*F37/1000) -> 7.6093471 | H37: =IF(ISNA(G37),NA(),IF(G37>0,EXP(-1.085+0.9256*LN(G37))/G37,0)) -> 0.29054823 | I37: =IF(OR(ISNA(G37),ISNA(H37)),NA(),G37*H37) -> 2.2108824 | J37: =IF(OR(ISNA(G37),ISNA(I37)),NA(),G37+I37) -> 9.8202295 | K37: =Z37*0.47*(44/12) -> 17.238115 | Q37: =A37&"|"&B37 -> Cashew|36 | Y37: =Y36*(1-AB2) + MAX(0,J36-J37) -> 0.18254495 | Z37: =J37+Y37 -> 10.002774
A38: Cashew | B38: 37 | C38: =INDEX($N$2:$N$6, MATCH(A38, $M$2:$M$6, 0)) -> 70 | D38: =IF(B38=1,INDEX($T$2:$T$6, MATCH(A38, $S$2:$S$6, 0)),INDEX($T$2:$T$6, MATCH(A38, $S$2:$S$6, 0))*POWER(INDEX($U$2:$U$6, MATCH(A38, $S$2:$S$6, 0)),MIN(B38-1,2))*POWER(INDEX($V$2:$V$6, MATCH(A38, $S$2:$S$6, 0)),MAX(MIN(B38-3,17),0))*POWER(INDEX($W$2:$W$6, MATCH(A38, $S$2:$S$6, 0)),MAX(B38-20,0))) -> 0.44128859 | E38: =C38*D38 -> 30.890201 | F38: =IFERROR(INDEX('3_GrowthInputs'!$F$2:$F$201, MATCH(Q38, '3_GrowthInputs'!$G$2:$G$201, 0)), NA()) -> 244.08941 | G38: =IF(OR(ISNA(E38),ISNA(F38)),NA(),E38*F38/1000) -> 7.5399709 | H38: =IF(ISNA(G38),NA(),IF(G38>0,EXP(-1.085+0.9256*LN(G38))/G38,0)) -> 0.29074629 | I38: =IF(OR(ISNA(G38),ISNA(H38)),NA(),G38*H38) -> 2.1922186 | J38: =IF(OR(ISNA(G38),ISNA(I38)),NA(),G38+I38) -> 9.7321895 | K38: =Z38*0.47*(44/12) -> 17.206656 | Q38: =A38&"|"&B38 -> Cashew|37 | Y38: =Y37*(1-AB2) + MAX(0,J37-J38) -> 0.25233046 | Z38: =J38+Y38 -> 9.9845199
A39: Cashew | B39: 38 | C39: =INDEX($N$2:$N$6, MATCH(A39, $M$2:$M$6, 0)) -> 70 | D39: =IF(B39=1,INDEX($T$2:$T$6, MATCH(A39, $S$2:$S$6, 0)),INDEX($T$2:$T$6, MATCH(A39, $S$2:$S$6, 0))*POWER(INDEX($U$2:$U$6, MATCH(A39, $S$2:$S$6, 0)),MIN(B39-1,2))*POWER(INDEX($V$2:$V$6, MATCH(A39, $S$2:$S$6, 0)),MAX(MIN(B39-3,17),0))*POWER(INDEX($W$2:$W$6, MATCH(A39, $S$2:$S$6, 0)),MAX(B39-20,0))) -> 0.43466926 | E39: =C39*D39 -> 30.426848 | F39: =IFERROR(INDEX('3_GrowthInputs'!$F$2:$F$201, MATCH(Q39, '3_GrowthInputs'!$G$2:$G$201, 0)), NA()) -> 245.29557 | G39: =IF(OR(ISNA(E39),ISNA(F39)),NA(),E39*F39/1000) -> 7.4635712 | H39: =IF(ISNA(G39),NA(),IF(G39>0,EXP(-1.085+0.9256*LN(G39))/G39,0)) -> 0.29096668 | I39: =IF(OR(ISNA(G39),ISNA(H39)),NA(),G39*H39) -> 2.1716505 | J39: =IF(OR(ISNA(G39),ISNA(I39)),NA(),G39+I39) -> 9.6352217 | K39: =Z39*0.47*(44/12) -> 17.163171 | Q39: =A39&"|"&B39 -> Cashew|38 | Y39: =Y38*(1-AB2) + MAX(0,J38-J39) -> 0.32406518 | Z39: =J39+Y39 -> 9.9592869
A40: Cashew | B40: 39 | C40: =INDEX($N$2:$N$6, MATCH(A40, $M$2:$M$6, 0)) -> 70 | D40: =IF(B40=1,INDEX($T$2:$T$6, MATCH(A40, $S$2:$S$6, 0)),INDEX($T$2:$T$6, MATCH(A40, $S$2:$S$6, 0))*POWER(INDEX($U$2:$U$6, MATCH(A40, $S$2:$S$6, 0)),MIN(B40-1,2))*POWER(INDEX($V$2:$V$6, MATCH(A40, $S$2:$S$6, 0)),MAX(MIN(B40-3,17),0))*POWER(INDEX($W$2:$W$6, MATCH(A40, $S$2:$S$6, 0)),MAX(B40-20,0))) -> 0.42814922 | E40: =C40*D40 -> 29.970446 | F40: =IFERROR(INDEX('3_GrowthInputs'!$F$2:$F$201, MATCH(Q40, '3_GrowthInputs'!$G$2:$G$201, 0)), NA()) -> 246.29792 | G40: =IF(OR(ISNA(E40),ISNA(F40)),NA(),E40*F40/1000) -> 7.3816585 | H40: =IF(ISNA(G40),NA(),IF(G40>0,EXP(-1.085+0.9256*LN(G40))/G40,0)) -> 0.29120567 | I40: =IF(OR(ISNA(G40),ISNA(H40)),NA(),G40*H40) -> 2.1495808 | J40: =IF(OR(ISNA(G40),ISNA(I40)),NA(),G40+I40) -> 9.5312393 | K40: =Z40*0.47*(44/12) -> 17.107324 | Q40: =A40&"|"&B40 -> Cashew|39 | Y40: =Y39*(1-AB2) + MAX(0,J39-J40) -> 0.39564104 | Z40: =J40+Y40 -> 9.9268804
A41: Cashew | B41: 40 | C41: =INDEX($N$2:$N$6, MATCH(A41, $M$2:$M$6, 0)) -> 70 | D41: =IF(B41=1,INDEX($T$2:$T$6, MATCH(A41, $S$2:$S$6, 0)),INDEX($T$2:$T$6, MATCH(A41, $S$2:$S$6, 0))*POWER(INDEX($U$2:$U$6, MATCH(A41, $S$2:$S$6, 0)),MIN(B41-1,2))*POWER(INDEX($V$2:$V$6, MATCH(A41, $S$2:$S$6, 0)),MAX(MIN(B41-3,17),0))*POWER(INDEX($W$2:$W$6, MATCH(A41, $S$2:$S$6, 0)),MAX(B41-20,0))) -> 0.42172699 | E41: =C41*D41 -> 29.520889 | F41: =IFERROR(INDEX('3_GrowthInputs'!$F$2:$F$201, MATCH(Q41, '3_GrowthInputs'!$G$2:$G$201, 0)), NA()) -> 247.09053 | G41: =IF(OR(ISNA(E41),ISNA(F41)),NA(),E41*F41/1000) -> 7.2943321 | H41: =IF(ISNA(G41),NA(),IF(G41>0,EXP(-1.085+0.9256*LN(G41))/G41,0)) -> 0.29146363 | I41: =IF(OR(ISNA(G41),ISNA(H41)),NA(),G41*H41) -> 2.1260325 | J41: =IF(OR(ISNA(G41),ISNA(I41)),NA(),G41+I41) -> 9.4203646 | K41: =Z41*0.47*(44/12) -> 17.039142 | Q41: =A41&"|"&B41 -> Cashew|40 | Y41: =Y40*(1-AB2) + MAX(0,J40-J41) -> 0.46695164 | Z41: =J41+Y41 -> 9.8873163
A42: Dawadawa | B42: 1 | C42: =INDEX($N$2:$N$6, MATCH(A42, $M$2:$M$6, 0)) -> 70 | D42: =IF(B42=1,INDEX($T$2:$T$6, MATCH(A42, $S$2:$S$6, 0)),INDEX($T$2:$T$6, MATCH(A42, $S$2:$S$6, 0))*POWER(INDEX($U$2:$U$6, MATCH(A42, $S$2:$S$6, 0)),MIN(B42-1,2))*POWER(INDEX($V$2:$V$6, MATCH(A42, $S$2:$S$6, 0)),MAX(MIN(B42-3,17),0))*POWER(INDEX($W$2:$W$6, MATCH(A42, $S$2:$S$6, 0)),MAX(B42-20,0))) -> 0.75 | E42: =C42*D42 -> 52.5 | F42: =IFERROR(INDEX('3_GrowthInputs'!$F$2:$F$201, MATCH(Q42, '3_GrowthInputs'!$G$2:$G$201, 0)), NA()) -> 0.058351561 | G42: =IF(OR(ISNA(E42),ISNA(F42)),NA(),E42*F42/1000) -> 0.0030634569 | H42: =IF(ISNA(G42),NA(),IF(G42>0,EXP(-1.085+0.9256*LN(G42))/G42,0)) -> 0.51977613 | I42: =IF(OR(ISNA(G42),ISNA(H42)),NA(),G42*H42) -> 0.0015923118 | J42: =IF(OR(ISNA(G42),ISNA(I42)),NA(),G42+I42) -> 0.0046557687 | K42: =Z42*0.47*(44/12) -> 0.0080234414 | Q42: =A42&"|"&B42 -> Dawadawa|1 | Y42: 0 | Z42: =J42+Y42 -> 0.0046557687
A43: Dawadawa | B43: 2 | C43: =INDEX($N$2:$N$6, MATCH(A43, $M$2:$M$6, 0)) -> 70 | D43: =IF(B43=1,INDEX($T$2:$T$6, MATCH(A43, $S$2:$S$6, 0)),INDEX($T$2:$T$6, MATCH(A43, $S$2:$S$6, 0))*POWER(INDEX($U$2:$U$6, MATCH(A43, $S$2:$S$6, 0)),MIN(B43-1,2))*POWER(INDEX($V$2:$V$6, MATCH(A43, $S$2:$S$6, 0)),MAX(MIN(B43-3,17),0))*POWER(INDEX($W$2:$W$6, MATCH(A43, $S$2:$S$6, 0)),MAX(B43-20,0))) -> 0.72 | E43: =C43*D43 -> 50.4 | F43: =IFERROR(INDEX('3_GrowthInputs'!$F$2:$F$201, MATCH(Q43, '3_GrowthInputs'!$G$2:$G$201, 0)), NA()) -> 0.34780572 | G43: =IF(OR(ISNA(E43),ISNA(F43)),NA(),E43*F43/1000) -> 0.017529408 | H43: =IF(ISNA(G43),NA(),IF(G43>0,EXP(-1.085+0.9256*LN(G43))/G43,0)) -> 0.45651411 | I43: =IF(OR(ISNA(G43),ISNA(H43)),NA(),G43*H43) -> 0.0080024221 | J43: =IF(OR(ISNA(G43),ISNA(I43)),NA(),G43+I43) -> 0.02553183 | K43: =Z43*0.47*(44/12) -> 0.043999854 | Q43: =A43&"|"&B43 -> Dawadawa|2 | Y43: =Y42*(1-AB2) + MAX(0,J42-J43) -> 0 | Z43: =J43+Y43 -> 0.02553183
A44: Dawadawa | B44: 3 | C44: =INDEX($N$2:$N$6, MATCH(A44, $M$2:$M$6, 0)) -> 70 | D44: =IF(B44=1,INDEX($T$2:$T$6, MATCH(A44, $S$2:$S$6, 0)),INDEX($T$2:$T$6, MATCH(A44, $S$2:$S$6, 0))*POWER(INDEX($U$2:$U$6, MATCH(A44, $S$2:$S$6, 0)),MIN(B44-1,2))*POWER(INDEX($V$2:$V$6, MATCH(A44, $S$2:$S$6, 0)),MAX(MIN(B44-3,17),0))*POWER(INDEX($W$2:$W$6, MATCH(A44, $S$2:$S$6, 0)),MAX(B44-20,0))) -> 0.6912 | E44: =C44*D44 -> 48.384 | F44: =IFERROR(INDEX('3_GrowthInputs'!$F$2:$F$201, MATCH(Q44, '3_GrowthInputs'!$G$2:$G$201, 0)), NA()) -> 1.1622199 | G44: =IF(OR(ISNA(E44),ISNA(F44)),NA(),E44*F44/1000) -> 0.056232849 | H44: =IF(ISNA(G44),NA(),IF(G44>0,EXP(-1.085+0.9256*LN(G44))/G44,0)) -> 0.41859229 | I44: =IF(OR(ISNA(G44),ISNA(H44)),NA(),G44*H44) -> 0.023538637 | J44: =IF(OR(ISNA(G44),ISNA(I44)),NA(),G44+I44) -> 0.079771487 | K44: =Z44*0.47*(44/12) -> 0.13747286 | Q44: =A44&"|"&B44 -> Dawadawa|3 | Y44: =Y43*(1-AB2) + MAX(0,J43-J44) -> 0 | Z44: =J44+Y44 -> 0.079771487
A45: Dawadawa | B45: 4 | C45: =INDEX($N$2:$N$6, MATCH(A45, $M$2:$M$6, 0)) -> 70 | D45: =IF(B45=1,INDEX($T$2:$T$6, MATCH(A45, $S$2:$S$6, 0)),INDEX($T$2:$T$6, MATCH(A45, $S$2:$S$6, 0))*POWER(INDEX($U$2:$U$6, MATCH(A45, $S$2:$S$6, 0)),MIN(B45-1,2))*POWER(INDEX($V$2:$V$6, MATCH(A45, $S$2:$S$6, 0)),MAX(MIN(B45-3,17),0))*POWER(INDEX($W$2:$W$6, MATCH(A45, $S$2:$S$6, 0)),MAX(B45-20,0))) -> 0.687744 | E45: =C45*D45 -> 48.14208 | F45: =IFERROR(INDEX('3_GrowthInputs'!$F$2:$F$201, MATCH(Q45, '3_GrowthInputs'!$G$2:$G$201, 0)), NA()) -> 3.0064749 | G45: =IF(OR(ISNA(E45),ISNA(F45)),NA(),E45*F45/1000) -> 0.14473796 | H45: =IF(ISNA(G45),NA(),IF(G45>0,EXP(-1.085+0.9256*LN(G45))/G45,0)) -> 0.39016037 | I45: =IF(OR(ISNA(G45),ISNA(H45)),NA(),G45*H45) -> 0.056471014 | J45: =IF(OR(ISNA(G45),ISNA(I45)),NA(),G45+I45) -> 0.20120897 | K45: =Z45*0.47*(44/12) -> 0.34675013 | Q45: =A45&"|"&B45 -> Dawadawa|4 | Y45: =Y44*(1-AB2) + MAX(0,J44-J45) -> 0 | Z45: =J45+Y45 -> 0.20120897
A46: Dawadawa | B46: 5 | C46: =INDEX($N$2:$N$6, MATCH(A46, $M$2:$M$6, 0)) -> 70 | D46: =IF(B46=1,INDEX($T$2:$T$6, MATCH(A46, $S$2:$S$6, 0)),INDEX($T$2:$T$6, MATCH(A46, $S$2:$S$6, 0))*POWER(INDEX($U$2:$U$6, MATCH(A46, $S$2:$S$6, 0)),MIN(B46-1,2))*POWER(INDEX($V$2:$V$6, MATCH(A46, $S$2:$S$6, 0)),MAX(MIN(B46-3,17),0))*POWER(INDEX($W$2:$W$6, MATCH(A46, $S$2:$S$6, 0)),MAX(B46-20,0))) -> 0.68430528 | E46: =C46*D46 -> 47.90137 | F46: =IFERROR(INDEX('3_GrowthInputs'!$F$2:$F$201, MATCH(Q46, '3_GrowthInputs'!$G$2:$G$201, 0)), NA()) -> 6.6213615 | G46: =IF(OR(ISNA(E46),ISNA(F46)),NA(),E46*F46/1000) -> 0.31717228 | H46: =IF(ISNA(G46),NA(),IF(G46>0,EXP(-1.085+0.9256*LN(G46))/G46,0)) -> 0.36803924 | I46: =IF(OR(ISNA(G46),ISNA(H46)),NA(),G46*H46) -> 0.11673185 | J46: =IF(OR(ISNA(G46),ISNA(I46)),NA(),G46+I46) -> 0.43390413 | K46: =Z46*0.47*(44/12) -> 0.74776145 | Q46: =A46&"|"&B46 -> Dawadawa|5 | Y46: =Y45*(1-AB2) + MAX(0,J45-J46) -> 0 | Z46: =J46+Y46 -> 0.43390413
A47: Dawadawa | B47: 6 | C47: =INDEX($N$2:$N$6, MATCH(A47, $M$2:$M$6, 0)) -> 70 | D47: =IF(B47=1,INDEX($T$2:$T$6, MATCH(A47, $S$2:$S$6, 0)),INDEX($T$2:$T$6, MATCH(A47, $S$2:$S$6, 0))*POWER(INDEX($U$2:$U$6, MATCH(A47, $S$2:$S$6, 0)),MIN(B47-1,2))*POWER(INDEX($V$2:$V$6, MATCH(A47, $S$2:$S$6, 0)),MAX(MIN(B47-3,17),0))*POWER(INDEX($W$2:$W$6, MATCH(A47, $S$2:$S$6, 0)),MAX(B47-20,0))) -> 0.68088375 | E47: =C47*D47 -> 47.661863 | F47: =IFERROR(INDEX('3_GrowthInputs'!$F$2:$F$201, MATCH(Q47, '3_GrowthInputs'!$G$2:$G$201, 0)), NA()) -> 12.87714 | G47: =IF(OR(ISNA(E47),ISNA(F47)),NA(),E47*F47/1000) -> 0.61374846 | H47: =IF(ISNA(G47),NA(),IF(G47>0,EXP(-1.085+0.9256*LN(G47))/G47,0)) -> 0.35039992 | I47: =IF(OR(ISNA(G47),ISNA(H47)),NA(),G47*H47) -> 0.21505741 | J47: =IF(OR(ISNA(G47),ISNA(I47)),NA(),G47+I47) -> 0.82880587 | K47: =Z47*0.47*(44/12) -> 1.4283088 | Q47: =A47&"|"&B47 -> Dawadawa|6 | Y47: =Y46*(1-AB2) + MAX(0,J46-J47) -> 0 | Z47: =J47+Y47 -> 0.82880587
A48: Dawadawa | B48: 7 | C48: =INDEX($N$2:$N$6, MATCH(A48, $M$2:$M$6, 0)) -> 70 | D48: =IF(B48=1,INDEX($T$2:$T$6, MATCH(A48, $S$2:$S$6, 0)),INDEX($T$2:$T$6, MATCH(A48, $S$2:$S$6, 0))*POWER(INDEX($U$2:$U$6, MATCH(A48, $S$2:$S$6, 0)),MIN(B48-1,2))*POWER(INDEX($V$2:$V$6, MATCH(A48, $S$2:$S$6, 0)),MAX(MIN(B48-3,17),0))*POWER(INDEX($W$2:$W$6, MATCH(A48, $S$2:$S$6, 0)),MAX(B48-20,0))) -> 0.67747933 | E48: =C48*D48 -> 47.423553 | F48: =IFERROR(INDEX('3_GrowthInputs'!$F$2:$F$201, MATCH(Q48, '3_GrowthInputs'!$G$2:$G$201, 0)), NA()) -> 22.497137 | G48: =IF(OR(ISNA(E48),ISNA(F48)),NA(),E48*F48/1000) -> 1.0668942 | H48: =IF(ISNA(G48),NA(),IF(G48>0,EXP(-1.085+0.9256*LN(G48))/G48,0)) -> 0.33627785 | I48: =IF(OR(ISNA(G48),ISNA(H48)),NA(),G48*H48) -> 0.35877288 | J48: =IF(OR(ISNA(G48),ISNA(I48)),NA(),G48+I48) -> 1.4256671 | K48: =Z48*0.47*(44/12) -> 2.4568996 | Q48: =A48&"|"&B48 -> Dawadawa|7 | Y48: =Y47*(1-AB2) + MAX(0,J47-J48) -> 0 | Z48: =J48+Y48 -> 1.4256671
A49: Dawadawa | B49: 8 | C49: =INDEX($N$2:$N$6, MATCH(A49, $M$2:$M$6, 0)) -> 70 | D49: =IF(B49=1,INDEX($T$2:$T$6, MATCH(A49, $S$2:$S$6, 0)),INDEX($T$2:$T$6, MATCH(A49, $S$2:$S$6, 0))*POWER(INDEX($U$2:$U$6, MATCH(A49, $S$2:$S$6, 0)),MIN(B49-1,2))*POWER(INDEX($V$2:$V$6, MATCH(A49, $S$2:$S$6, 0)),MAX(MIN(B49-3,17),0))*POWER(INDEX($W$2:$W$6, MATCH(A49, $S$2:$S$6, 0)),MAX(B49-20,0))) -> 0.67409194 | E49: =C49*D49 -> 47.186436 | F49: =IFERROR(INDEX('3_GrowthInputs'!$F$2:$F$201, MATCH(Q49, '3_GrowthInputs'!$G$2:$G$201, 0)), NA()) -> 35.739456 | G49: =IF(OR(ISNA(E49),ISNA(F49)),NA(),E49*F49/1000) -> 1.6864175 | H49: =IF(ISNA(G49),NA(),IF(G49>0,EXP(-1.085+0.9256*LN(G49))/G49,0)) -> 0.32501566 | I49: =IF(OR(ISNA(G49),ISNA(H49)),NA(),G49*H49) -> 0.5481121 | J49: =IF(OR(ISNA(G49),ISNA(I49)),NA(),G49+I49) -> 2.2345296 | K49: =Z49*0.47*(44/12) -> 3.8508394 | Q49: =A49&"|"&B49 -> Dawadawa|8 | Y49: =Y48*(1-AB2) + MAX(0,J48-J49) -> 0 | Z49: =J49+Y49 -> 2.2345296
A50: Dawadawa | B50: 9 | C50: =INDEX($N$2:$N$6, MATCH(A50, $M$2:$M$6, 0)) -> 70 | D50: =IF(B50=1,INDEX($T$2:$T$6, MATCH(A50, $S$2:$S$6, 0)),INDEX($T$2:$T$6, MATCH(A50, $S$2:$S$6, 0))*POWER(INDEX($U$2:$U$6, MATCH(A50, $S$2:$S$6, 0)),MIN(B50-1,2))*POWER(INDEX($V$2:$V$6, MATCH(A50, $S$2:$S$6, 0)),MAX(MIN(B50-3,17),0))*POWER(INDEX($W$2:$W$6, MATCH(A50, $S$2:$S$6, 0)),MAX(B50-20,0))) -> 0.67072148 | E50: =C50*D50 -> 46.950503 | F50: =IFERROR(INDEX('3_GrowthInputs'!$F$2:$F$201, MATCH(Q50, '3_GrowthInputs'!$G$2:$G$201, 0)), NA()) -> 52.289365 | G50: =IF(OR(ISNA(E50),ISNA(F50)),NA(),E50*F50/1000) -> 2.455012 | H50: =IF(ISNA(G50),NA(),IF(G50>0,EXP(-1.085+0.9256*LN(G50))/G50,0)) -> 0.3160607 | I50: =IF(OR(ISNA(G50),ISNA(H50)),NA(),G50*H50) -> 0.77593282 | J50: =IF(OR(ISNA(G50),ISNA(I50)),NA(),G50+I50) -> 3.2309448 | K50: =Z50*0.47*(44/12) -> 5.5679949 | Q50: =A50&"|"&B50 -> Dawadawa|9 | Y50: =Y49*(1-AB2) + MAX(0,J49-J50) -> 0 | Z50: =J50+Y50 -> 3.2309448
A51: Dawadawa | B51: 10 | C51: =INDEX($N$2:$N$6, MATCH(A51, $M$2:$M$6, 0)) -> 70 | D51: =IF(B51=1,INDEX($T$2:$T$6, MATCH(A51, $S$2:$S$6, 0)),INDEX($T$2:$T$6, MATCH(A51, $S$2:$S$6, 0))*POWER(INDEX($U$2:$U$6, MATCH(A51, $S$2:$S$6, 0)),MIN(B51-1,2))*POWER(INDEX($V$2:$V$6, MATCH(A51, $S$2:$S$6, 0)),MAX(MIN(B51-3,17),0))*POWER(INDEX($W$2:$W$6, MATCH(A51, $S$2:$S$6, 0)),MAX(B51-20,0))) -> 0.66736787 | E51: =C51*D51 -> 46.715751 | F51: =IFERROR(INDEX('3_GrowthInputs'!$F$2:$F$201, MATCH(Q51, '3_GrowthInputs'!$G$2:$G$201, 0)), NA()) -> 71.468116 | G51: =IF(OR(ISNA(E51),ISNA(F51)),NA(),E51*F51/1000) -> 3.3386867 | H51: =IF(ISNA(G51),NA(),IF(G51>0,EXP(-1.085+0.9256*LN(G51))/G51,0)) -> 0.30891319 | I51: =IF(OR(ISNA(G51),ISNA(H51)),NA(),G51*H51) -> 1.0313644 | J51: =IF(OR(ISNA(G51),ISNA(I51)),NA(),G51+I51) -> 4.3700511 | K51: =Z51*0.47*(44/12) -> 7.5310547 | Q51: =A51&"|"&B51 -> Dawadawa|10 | Y51: =Y50*(1-AB2) + MAX(0,J50-J51) -> 0 | Z51: =J51+Y51 -> 4.3700511
A52: Dawadawa | B52: 11 | C52: =INDEX($N$2:$N$6, MATCH(A52, $M$2:$M$6, 0)) -> 70 | D52: =IF(B52=1,INDEX($T$2:$T$6, MATCH(A52, $S$2:$S$6, 0)),INDEX($T$2:$T$6, MATCH(A52, $S$2:$S$6, 0))*POWER(INDEX($U$2:$U$6, MATCH(A52, $S$2:$S$6, 0)),MIN(B52-1,2))*POWER(INDEX($V$2:$V$6, MATCH(A52, $S$2:$S$6, 0)),MAX(MIN(B52-3,17),0))*POWER(INDEX($W$2:$W$6, MATCH(A52, $S$2:$S$6, 0)),MAX(B52-20,0))) -> 0.66403103 | E52: =C52*D52 -> 46.482172 | F52: =IFERROR(INDEX('3_GrowthInputs'!$F$2:$F$201, MATCH(Q52, '3_GrowthInputs'!$G$2:$G$201, 0)), NA()) -> 92.577997 | G52: =IF(OR(ISNA(E52),ISNA(F52)),NA(),E52*F52/1000) -> 4.3032264 | H52: =IF(ISNA(G52),NA(),IF(G52>0,EXP(-1.085+0.9256*LN(G52))/G52,0)) -> 0.30313508 | I52: =IF(OR(ISNA(G52),ISNA(H52)),NA(),G52*H52) -> 1.3044589 | J52: =IF(OR(ISNA(G52),ISNA(I52)),NA(),G52+I52) -> 5.6076853 | K52: =Z52*0.47*(44/12) -> 9.663911 | Q52: =A52&"|"&B52 -> Dawadawa|11 | Y52: =Y51*(1-AB2) + MAX(0,J51-J52) -> 0 | Z52: =J52+Y52 -> 5.6076853
A53: Dawadawa | B53: 12 | C53: =INDEX($N$2:$N$6, MATCH(A53, $M$2:$M$6, 0)) -> 70 | D53: =IF(B53=1,INDEX($T$2:$T$6, MATCH(A53, $S$2:$S$6, 0)),INDEX($T$2:$T$6, MATCH(A53, $S$2:$S$6, 0))*POWER(INDEX($U$2:$U$6, MATCH(A53, $S$2:$S$6, 0)),MIN(B53-1,2))*POWER(INDEX($V$2:$V$6, MATCH(A53, $S$2:$S$6, 0)),MAX(MIN(B53-3,17),0))*POWER(INDEX($W$2:$W$6, MATCH(A53, $S$2:$S$6, 0)),MAX(B53-20,0))) -> 0.66071088 | E53: =C53*D53 -> 46.249761 | F53: =IFERROR(INDEX('3_GrowthInputs'!$F$2:$F$201, MATCH(Q53, '3_GrowthInputs'!$G$2:$G$201, 0)), NA()) -> 115.11593 | G53: =IF(OR(ISNA(E53),ISNA(F53)),NA(),E53*F53/1000) -> 5.3240841 | H53: =IF(ISNA(G53),NA(),IF(G53>0,EXP(-1.085+0.9256*LN(G53))/G53,0)) -> 0.29837186 | I53: =IF(OR(ISNA(G53),ISNA(H53)),NA(),G53*H53) -> 1.5885569 | J53: =IF(OR(ISNA(G53),ISNA(I53)),NA(),G53+I53) -> 6.912641 | K53: =Z53*0.47*(44/12) -> 11.912785 | Q53: =A53&"|"&B53 -> Dawadawa|12 | Y53: =Y52*(1-AB2) + MAX(0,J52-J53) -> 0 | Z53: =J53+Y53 -> 6.912641
A54: Dawadawa | B54: 13 | C54: =INDEX($N$2:$N$6, MATCH(A54, $M$2:$M$6, 0)) -> 70 | D54: =IF(B54=1,INDEX($T$2:$T$6, MATCH(A54, $S$2:$S$6, 0)),INDEX($T$2:$T$6, MATCH(A54, $S$2:$S$6, 0))*POWER(INDEX($U$2:$U$6, MATCH(A54, $S$2:$S$6, 0)),MIN(B54-1,2))*POWER(INDEX($V$2:$V$6, MATCH(A54, $S$2:$S$6, 0)),MAX(MIN(B54-3,17),0))*POWER(INDEX($W$2:$W$6, MATCH(A54, $S$2:$S$6, 0)),MAX(B54-20,0))) -> 0.65740732 | E54: =C54*D54 -> 46.018513 | F54: =IFERROR(INDEX('3_GrowthInputs'!$F$2:$F$201, MATCH(Q54, '3_GrowthInputs'!$G$2:$G$201, 0)), NA()) -> 138.83807 | G54: =IF(OR(ISNA(E54),ISNA(F54)),NA(),E54*F54/1000) -> 6.3891216 | H54: =IF(ISNA(G54),NA(),IF(G54>0,EXP(-1.085+0.9256*LN(G54))/G54,0)) -> 0.2943511 | I54: =IF(OR(ISNA(G54),ISNA(H54)),NA(),G54*H54) -> 1.880645 | J54: =IF(OR(ISNA(G54),ISNA(I54)),NA(),G54+I54) -> 8.2697666 | K54: =Z54*0.47*(44/12) -> 14.251564 | Q54: =A54&"|"&B54 -> Dawadawa|13 | Y54: =Y53*(1-AB2) + MAX(0,J53-J54) -> 0 | Z54: =J54+Y54 -> 8.2697666
A55: Dawadawa | B55: 14 | C55: =INDEX($N$2:$N$6, MATCH(A55, $M$2:$M$6, 0)) -> 70 | D55: =IF(B55=1,INDEX($T$2:$T$6, MATCH(A55, $S$2:$S$6, 0)),INDEX($T$2:$T$6, MATCH(A55, $S$2:$S$6, 0))*POWER(INDEX($U$2:$U$6, MATCH(A55, $S$2:$S$6, 0)),MIN(B55-1,2))*POWER(INDEX($V$2:$V$6, MATCH(A55, $S$2:$S$6, 0)),MAX(MIN(B55-3,17),0))*POWER(INDEX($W$2:$W$6, MATCH(A55, $S$2:$S$6, 0)),MAX(B55-20,0))) -> 0.65412029 | E55: =C55*D55 -> 45.78842 | F55: =IFERROR(INDEX('3_GrowthInputs'!$F$2:$F$201, MATCH(Q55, '3_GrowthInputs'!$G$2:$G$201, 0)), NA()) -> 163.6623 | G55: =IF(OR(ISNA(E55),ISNA(F55)),NA(),E55*F55/1000) -> 7.4938381 | H55: =IF(ISNA(G55),NA(),IF(G55>0,EXP(-1.085+0.9256*LN(G55))/G55,0)) -> 0.29087908 | I55: =IF(OR(ISNA(G55),ISNA(H55)),NA(),G55*H55) -> 2.1798007 | J55: =IF(OR(ISNA(G55),ISNA(I55)),NA(),G55+I55) -> 9.6736388 | K55: =Z55*0.47*(44/12) -> 16.670904 | Q55: =A55&"|"&B55 -> Dawadawa|14 | Y55: =Y54*(1-AB2) + MAX(0,J54-J55) -> 0 | Z55: =J55+Y55 -> 9.6736388
A56: Dawadawa | B56: 15 | C56: =INDEX($N$2:$N$6, MATCH(A56, $M$2:$M$6, 0)) -> 70 | D56: =IF(B56=1,INDEX($T$2:$T$6, MATCH(A56, $S$2:$S$6, 0)),INDEX($T$2:$T$6, MATCH(A56, $S$2:$S$6, 0))*POWER(INDEX($U$2:$U$6, MATCH(A56, $S$2:$S$6, 0)),MIN(B56-1,2))*POWER(INDEX($V$2:$V$6, MATCH(A56, $S$2:$S$6, 0)),MAX(MIN(B56-3,17),0))*POWER(INDEX($W$2:$W$6, MATCH(A56, $S$2:$S$6, 0)),MAX(B56-20,0))) -> 0.65084968 | E56: =C56*D56 -> 45.559478 | F56: =IFERROR(INDEX('3_GrowthInputs'!$F$2:$F$201, MATCH(Q56, '3_GrowthInputs'!$G$2:$G$201, 0)), NA()) -> 189.6096 | G56: =IF(OR(ISNA(E56),ISNA(F56)),NA(),E56*F56/1000) -> 8.6385143 | H56: =IF(ISNA(G56),NA(),IF(G56>0,EXP(-1.085+0.9256*LN(G56))/G56,0)) -> 0.28781897 | I56: =IF(OR(ISNA(G56),ISNA(H56)),NA(),G56*H56) -> 2.4863283 | J56: =IF(OR(ISNA(G56),ISNA(I56)),NA(),G56+I56) -> 11.124843 | K56: =Z56*0.47*(44/12) -> 19.171812 | Q56: =A56&"|"&B56 -> Dawadawa|15 | Y56: =Y55*(1-AB2) + MAX(0,J55-J56) -> 0 | Z56: =J56+Y56 -> 11.124843
A57: Dawadawa | B57: 16 | C57: =INDEX($N$2:$N$6, MATCH(A57, $M$2:$M$6, 0)) -> 70 | D57: =IF(B57=1,INDEX($T$2:$T$6, MATCH(A57, $S$2:$S$6, 0)),INDEX($T$2:$T$6, MATCH(A57, $S$2:$S$6, 0))*POWER(INDEX($U$2:$U$6, MATCH(A57, $S$2:$S$6, 0)),MIN(B57-1,2))*POWER(INDEX($V$2:$V$6, MATCH(A57, $S$2:$S$6, 0)),MAX(MIN(B57-3,17),0))*POWER(INDEX($W$2:$W$6, MATCH(A57, $S$2:$S$6, 0)),MAX(B57-20,0))) -> 0.64759544 | E57: =C57*D57 -> 45.331681 | F57: =IFERROR(INDEX('3_GrowthInputs'!$F$2:$F$201, MATCH(Q57, '3_GrowthInputs'!$G$2:$G$201, 0)), NA()) -> 216.76978 | G57: =IF(OR(ISNA(E57),ISNA(F57)),NA(),E57*F57/1000) -> 9.8265386 | H57: =IF(ISNA(G57),NA(),IF(G57>0,EXP(-1.085+0.9256*LN(G57))/G57,0)) -> 0.28507287 | I57: =IF(OR(ISNA(G57),ISNA(H57)),NA(),G57*H57) -> 2.8012795 | J57: =IF(OR(ISNA(G57),ISNA(I57)),NA(),G57+I57) -> 12.627818 | K57: =Z57*0.47*(44/12) -> 21.76194 | Q57: =A57&"|"&B57 -> Dawadawa|16 | Y57: =Y56*(1-AB2) + MAX(0,J56-J57) -> 0 | Z57: =J57+Y57 -> 12.627818
A58: Dawadawa | B58: 17 | C58: =INDEX($N$2:$N$6, MATCH(A58, $M$2:$M$6, 0)) -> 70 | D58: =IF(B58=1,INDEX($T$2:$T$6, MATCH(A58, $S$2:$S$6, 0)),INDEX($T$2:$T$6, MATCH(A58, $S$2:$S$6, 0))*POWER(INDEX($U$2:$U$6, MATCH(A58, $S$2:$S$6, 0)),MIN(B58-1,2))*POWER(INDEX($V$2:$V$6, MATCH(A58, $S$2:$S$6, 0)),MAX(MIN(B58-3,17),0))*POWER(INDEX($W$2:$W$6, MATCH(A58, $S$2:$S$6, 0)),MAX(B58-20,0))) -> 0.64435746 | E58: =C58*D58 -> 45.105022 | F58: =IFERROR(INDEX('3_GrowthInputs'!$F$2:$F$201, MATCH(Q58, '3_GrowthInputs'!$G$2:$G$201, 0)), NA()) -> 245.19489 | G58: =IF(OR(ISNA(E58),ISNA(F58)),NA(),E58*F58/1000) -> 11.059521 | H58: =IF(ISNA(G58),NA(),IF(G58>0,EXP(-1.085+0.9256*LN(G58))/G58,0)) -> 0.2825768 | I58: =IF(OR(ISNA(G58),ISNA(H58)),NA(),G58*H58) -> 3.1251641 | J58: =IF(OR(ISNA(G58),ISNA(I58)),NA(),G58+I58) -> 14.184685 | K58: =Z58*0.47*(44/12) -> 24.444941 | Q58: =A58&"|"&B58 -> Dawadawa|17 | Y58: =Y57*(1-AB2) + MAX(0,J57-J58) -> 0 | Z58: =J58+Y58 -> 14.184685
A59: Dawadawa | B59: 18 | C59: =INDEX($N$2:$N$6, MATCH(A59, $M$2:$M$6, 0)) -> 70 | D59: =IF(B59=1,INDEX($T$2:$T$6, MATCH(A59, $S$2:$S$6, 0)),INDEX($T$2:$T$6, MATCH(A59, $S$2:$S$6, 0))*POWER(INDEX($U$2:$U$6, MATCH(A59, $S$2:$S$6, 0)),MIN(B59-1,2))*POWER(INDEX($V$2:$V$6, MATCH(A59, $S$2:$S$6, 0)),MAX(MIN(B59-3,17),0))*POWER(INDEX($W$2:$W$6, MATCH(A59, $S$2:$S$6, 0)),MAX(B59-20,0))) -> 0.64113567 | E59: =C59*D59 -> 44.879497 | F59: =IFERROR(INDEX('3_GrowthInputs'!$F$2:$F$201, MATCH(Q59, '3_GrowthInputs'!$G$2:$G$201, 0)), NA()) -> 274.97594 | G59: =IF(OR(ISNA(E59),ISNA(F59)),NA(),E59*F59/1000) -> 12.340782 | H59: =IF(ISNA(G59),NA(),IF(G59>0,EXP(-1.085+0.9256*LN(G59))/G59,0)) -> 0.2802816 | I59: =IF(OR(ISNA(G59),ISNA(H59)),NA(),G59*H59) -> 3.4588941 | J59: =IF(OR(ISNA(G59),ISNA(I59)),NA(),G59+I59) -> 15.799676 | K59: =Z59*0.47*(44/12) -> 27.228108 | Q59: =A59&"|"&B59 -> Dawadawa|18 | Y59: =Y58*(1-AB2) + MAX(0,J58-J59) -> 0 | Z59: =J59+Y59 -> 15.799676
A60: Dawadawa | B60: 19 | C60: =INDEX($N$2:$N$6, MATCH(A60, $M$2:$M$6, 0)) -> 70 | D60: =IF(B60=1,INDEX($T$2:$T$6, MATCH(A60, $S$2:$S$6, 0)),INDEX($T$2:$T$6, MATCH(A60, $S$2:$S$6, 0))*POWER(INDEX($U$2:$U$6, MATCH(A60, $S$2:$S$6, 0)),MIN(B60-1,2))*POWER(INDEX($V$2:$V$6, MATCH(A60, $S$2:$S$6, 0)),MAX(MIN(B60-3,17),0))*POWER(INDEX($W$2:$W$6, MATCH(A60, $S$2:$S$6, 0)),MAX(B60-20,0))) -> 0.63792999 | E60: =C60*D60 -> 44.6551 | F60: =IFERROR(INDEX('3_GrowthInputs'!$F$2:$F$201, MATCH(Q60, '3_GrowthInputs'!$G$2:$G$201, 0)), NA()) -> 306.16635 | G60: =IF(OR(ISNA(E60),ISNA(F60)),NA(),E60*F60/1000) -> 13.671889 | H60: =IF(ISNA(G60),NA(),IF(G60>0,EXP(-1.085+0.9256*LN(G60))/G60,0)) -> 0.2781537 | I60: =IF(OR(ISNA(G60),ISNA(H60)),NA(),G60*H60) -> 3.8028865 | J60: =IF(OR(ISNA(G60),ISNA(I60)),NA(),G60+I60) -> 17.474775 | K60: =Z60*0.47*(44/12) -> 30.114863 | Q60: =A60&"|"&B60 -> Dawadawa|19 | Y60: =Y59*(1-AB2) + MAX(0,J59-J60) -> 0 | Z60: =J60+Y60 -> 17.474775
A61: Dawadawa | B61: 20 | C61: =INDEX($N$2:$N$6, MATCH(A61, $M$2:$M$6, 0)) -> 70 | D61: =IF(B61=1,INDEX($T$2:$T$6, MATCH(A61, $S$2:$S$6, 0)),INDEX($T$2:$T$6, MATCH(A61, $S$2:$S$6, 0))*POWER(INDEX($U$2:$U$6, MATCH(A61, $S$2:$S$6, 0)),MIN(B61-1,2))*POWER(INDEX($V$2:$V$6, MATCH(A61, $S$2:$S$6, 0)),MAX(MIN(B61-3,17),0))*POWER(INDEX($W$2:$W$6, MATCH(A61, $S$2:$S$6, 0)),MAX(B61-20,0))) -> 0.63474034 | E61: =C61*D61 -> 44.431824 | F61: =IFERROR(INDEX('3_GrowthInputs'!$F$2:$F$201, MATCH(Q61, '3_GrowthInputs'!$G$2:$G$201, 0)), NA()) -> 338.81326 | G61: =IF(OR(ISNA(E61),ISNA(F61)),NA(),E61*F61/1000) -> 15.054091 | H61: =IF(ISNA(G61),NA(),IF(G61>0,EXP(-1.085+0.9256*LN(G61))/G61,0)) -> 0.27616777 | I61: =IF(OR(ISNA(G61),ISNA(H61)),NA(),G61*H61) -> 4.1574548 | J61: =IF(OR(ISNA(G61),ISNA(I61)),NA(),G61+I61) -> 19.211546 | K61: =Z61*0.47*(44/12) -> 33.107898 | Q61: =A61&"|"&B61 -> Dawadawa|20 | Y61: =Y60*(1-AB2) + MAX(0,J60-J61) -> 0 | Z61: =J61+Y61 -> 19.211546
A62: Dawadawa | B62: 21 | C62: =INDEX($N$2:$N$6, MATCH(A62, $M$2:$M$6, 0)) -> 70 | D62: =IF(B62=1,INDEX($T$2:$T$6, MATCH(A62, $S$2:$S$6, 0)),INDEX($T$2:$T$6, MATCH(A62, $S$2:$S$6, 0))*POWER(INDEX($U$2:$U$6, MATCH(A62, $S$2:$S$6, 0)),MIN(B62-1,2))*POWER(INDEX($V$2:$V$6, MATCH(A62, $S$2:$S$6, 0)),MAX(MIN(B62-3,17),0))*POWER(INDEX($W$2:$W$6, MATCH(A62, $S$2:$S$6, 0)),MAX(B62-20,0))) -> 0.62839294 | E62: =C62*D62 -> 43.987506 | F62: =IFERROR(INDEX('3_GrowthInputs'!$F$2:$F$201, MATCH(Q62, '3_GrowthInputs'!$G$2:$G$201, 0)), NA()) -> 372.9513 | G62: =IF(OR(ISNA(E62),ISNA(F62)),NA(),E62*F62/1000) -> 16.405197 | H62: =IF(ISNA(G62),NA(),IF(G62>0,EXP(-1.085+0.9256*LN(G62))/G62,0)) -> 0.27440743 | I62: =IF(OR(ISNA(G62),ISNA(H62)),NA(),G62*H62) -> 4.5017081 | J62: =IF(OR(ISNA(G62),ISNA(I62)),NA(),G62+I62) -> 20.906905 | K62: =Z62*0.47*(44/12) -> 36.029567 | Q62: =A62&"|"&B62 -> Dawadawa|21 | Y62: =Y61*(1-AB2) + MAX(0,J61-J62) -> 0 | Z62: =J62+Y62 -> 20.906905
A63: Dawadawa | B63: 22 | C63: =INDEX($N$2:$N$6, MATCH(A63, $M$2:$M$6, 0)) -> 70 | D63: =IF(B63=1,INDEX($T$2:$T$6, MATCH(A63, $S$2:$S$6, 0)),INDEX($T$2:$T$6, MATCH(A63, $S$2:$S$6, 0))*POWER(INDEX($U$2:$U$6, MATCH(A63, $S$2:$S$6, 0)),MIN(B63-1,2))*POWER(INDEX($V$2:$V$6, MATCH(A63, $S$2:$S$6, 0)),MAX(MIN(B63-3,17),0))*POWER(INDEX($W$2:$W$6, MATCH(A63, $S$2:$S$6, 0)),MAX(B63-20,0))) -> 0.62210901 | E63: =C63*D63 -> 43.547631 | F63: =IFERROR(INDEX('3_GrowthInputs'!$F$2:$F$201, MATCH(Q63, '3_GrowthInputs'!$G$2:$G$201, 0)), NA()) -> 408.58057 | G63: =IF(OR(ISNA(E63),ISNA(F63)),NA(),E63*F63/1000) -> 17.792716 | H63: =IF(ISNA(G63),NA(),IF(G63>0,EXP(-1.085+0.9256*LN(G63))/G63,0)) -> 0.27275484 | I63: =IF(OR(ISNA(G63),ISNA(H63)),NA(),G63*H63) -> 4.8530493 | J63: =IF(OR(ISNA(G63),ISNA(I63)),NA(),G63+I63) -> 22.645765 | K63: =Z63*0.47*(44/12) -> 39.026202 | Q63: =A63&"|"&B63 -> Dawadawa|22 | Y63: =Y62*(1-AB2) + MAX(0,J62-J63) -> 0 | Z63: =J63+Y63 -> 22.645765
A64: Dawadawa | B64: 23 | C64: =INDEX($N$2:$N$6, MATCH(A64, $M$2:$M$6, 0)) -> 70 | D64: =IF(B64=1,INDEX($T$2:$T$6, MATCH(A64, $S$2:$S$6, 0)),INDEX($T$2:$T$6, MATCH(A64, $S$2:$S$6, 0))*POWER(INDEX($U$2:$U$6, MATCH(A64, $S$2:$S$6, 0)),MIN(B64-1,2))*POWER(INDEX($V$2:$V$6, MATCH(A64, $S$2:$S$6, 0)),MAX(MIN(B64-3,17),0))*POWER(INDEX($W$2:$W$6, MATCH(A64, $S$2:$S$6, 0)),MAX(B64-20,0))) -> 0.61588792 | E64: =C64*D64 -> 43.112154 | F64: =IFERROR(INDEX('3_GrowthInputs'!$F$2:$F$201, MATCH(Q64, '3_GrowthInputs'!$G$2:$G$201, 0)), NA()) -> 445.73752 | G64: =IF(OR(ISNA(E64),ISNA(F64)),NA(),E64*F64/1000) -> 19.216705 | H64: =IF(ISNA(G64),NA(),IF(G64>0,EXP(-1.085+0.9256*LN(G64))/G64,0)) -> 0.27119693 | I64: =IF(OR(ISNA(G64),ISNA(H64)),NA(),G64*H64) -> 5.2115114 | J64: =IF(OR(ISNA(G64),ISNA(I64)),NA(),G64+I64) -> 24.428216 | K64: =Z64*0.47*(44/12) -> 42.097959 | Q64: =A64&"|"&B64 -> Dawadawa|23 | Y64: =Y63*(1-AB2) + MAX(0,J63-J64) -> 0 | Z64: =J64+Y64 -> 24.428216
A65: Dawadawa | B65: 24 | C65: =INDEX($N$2:$N$6, MATCH(A65, $M$2:$M$6, 0)) -> 70 | D65: =IF(B65=1,INDEX($T$2:$T$6, MATCH(A65, $S$2:$S$6, 0)),INDEX($T$2:$T$6, MATCH(A65, $S$2:$S$6, 0))*POWER(INDEX($U$2:$U$6, MATCH(A65, $S$2:$S$6, 0)),MIN(B65-1,2))*POWER(INDEX($V$2:$V$6, MATCH(A65, $S$2:$S$6, 0)),MAX(MIN(B65-3,17),0))*POWER(INDEX($W$2:$W$6, MATCH(A65, $S$2:$S$6, 0)),MAX(B65-20,0))) -> 0.60972904 | E65: =C65*D65 -> 42.681033 | F65: =IFERROR(INDEX('3_GrowthInputs'!$F$2:$F$201, MATCH(Q65, '3_GrowthInputs'!$G$2:$G$201, 0)), NA()) -> 484.45454 | G65: =IF(OR(ISNA(E65),ISNA(F65)),NA(),E65*F65/1000) -> 20.67702 | H65: =IF(ISNA(G65),NA(),IF(G65>0,EXP(-1.085+0.9256*LN(G65))/G65,0)) -> 0.26972313 | I65: =IF(OR(ISNA(G65),ISNA(H65)),NA(),G65*H65) -> 5.5770705 | J65: =IF(OR(ISNA(G65),ISNA(I65)),NA(),G65+I65) -> 26.25409 | K65: =Z65*0.47*(44/12) -> 45.244549 | Q65: =A65&"|"&B65 -> Dawadawa|24 | Y65: =Y64*(1-AB2) + MAX(0,J64-J65) -> 0 | Z65: =J65+Y65 -> 26.25409
A66: Dawadawa | B66: 25 | C66: =INDEX($N$2:$N$6, MATCH(A66, $M$2:$M$6, 0)) -> 70 | D66: =IF(B66=1,INDEX($T$2:$T$6, MATCH(A66, $S$2:$S$6, 0)),INDEX($T$2:$T$6, MATCH(A66, $S$2:$S$6, 0))*POWER(INDEX($U$2:$U$6, MATCH(A66, $S$2:$S$6, 0)),MIN(B66-1,2))*POWER(INDEX($V$2:$V$6, MATCH(A66, $S$2:$S$6, 0)),MAX(MIN(B66-3,17),0))*POWER(INDEX($W$2:$W$6, MATCH(A66, $S$2:$S$6, 0)),MAX(B66-20,0))) -> 0.60363175 | E66: =C66*D66 -> 42.254223 | F66: =IFERROR(INDEX('3_GrowthInputs'!$F$2:$F$201, MATCH(Q66, '3_GrowthInputs'!$G$2:$G$201, 0)), NA()) -> 524.69471 | G66: =IF(OR(ISNA(E66),ISNA(F66)),NA(),E66*F66/1000) -> 22.170567 | H66: =IF(ISNA(G66),NA(),IF(G66>0,EXP(-1.085+0.9256*LN(G66))/G66,0)) -> 0.2683272 | I66: =IF(OR(ISNA(G66),ISNA(H66)),NA(),G66*H66) -> 5.9489661 | J66: =IF(OR(ISNA(G66),ISNA(I66)),NA(),G66+I66) -> 28.119533 | K66: =Z66*0.47*(44/12) -> 48.459329 | Q66: =A66&"|"&B66 -> Dawadawa|25 | Y66: =Y65*(1-AB2) + MAX(0,J65-J66) -> 0 | Z66: =J66+Y66 -> 28.119533
A67: Dawadawa | B67: 26 | C67: =INDEX($N$2:$N$6, MATCH(A67, $M$2:$M$6, 0)) -> 70 | D67: =IF(B67=1,INDEX($T$2:$T$6, MATCH(A67, $S$2:$S$6, 0)),INDEX($T$2:$T$6, MATCH(A67, $S$2:$S$6, 0))*POWER(INDEX($U$2:$U$6, MATCH(A67, $S$2:$S$6, 0)),MIN(B67-1,2))*POWER(INDEX($V$2:$V$6, MATCH(A67, $S$2:$S$6, 0)),MAX(MIN(B67-3,17),0))*POWER(INDEX($W$2:$W$6, MATCH(A67, $S$2:$S$6, 0)),MAX(B67-20,0))) -> 0.59759543 | E67: =C67*D67 -> 41.83168 | F67: =IFERROR(INDEX('3_GrowthInputs'!$F$2:$F$201, MATCH(Q67, '3_GrowthInputs'!$G$2:$G$201, 0)), NA()) -> 566.47313 | G67: =IF(OR(ISNA(E67),ISNA(F67)),NA(),E67*F67/1000) -> 23.696523 | H67: =IF(ISNA(G67),NA(),IF(G67>0,EXP(-1.085+0.9256*LN(G67))/G67,0)) -> 0.26700165 | I67: =IF(OR(ISNA(G67),ISNA(H67)),NA(),G67*H67) -> 6.3270108 | J67: =IF(OR(ISNA(G67),ISNA(I67)),NA(),G67+I67) -> 30.023534 | K67: =Z67*0.47*(44/12) -> 51.740557 | Q67: =A67&"|"&B67 -> Dawadawa|26 | Y67: =Y66*(1-AB2) + MAX(0,J66-J67) -> 0 | Z67: =J67+Y67 -> 30.023534
A68: Dawadawa | B68: 27 | C68: =INDEX($N$2:$N$6, MATCH(A68, $M$2:$M$6, 0)) -> 70 | D68: =IF(B68=1,INDEX($T$2:$T$6, MATCH(A68, $S$2:$S$6, 0)),INDEX($T$2:$T$6, MATCH(A68, $S$2:$S$6, 0))*POWER(INDEX($U$2:$U$6, MATCH(A68, $S$2:$S$6, 0)),MIN(B68-1,2))*POWER(INDEX($V$2:$V$6, MATCH(A68, $S$2:$S$6, 0)),MAX(MIN(B68-3,17),0))*POWER(INDEX($W$2:$W$6, MATCH(A68, $S$2:$S$6, 0)),MAX(B68-20,0))) -> 0.59161948 | E68: =C68*D68 -> 41.413363 | F68: =IFERROR(INDEX('3_GrowthInputs'!$F$2:$F$201, MATCH(Q68, '3_GrowthInputs'!$G$2:$G$201, 0)), NA()) -> 609.8134 | G68: =IF(OR(ISNA(E68),ISNA(F68)),NA(),E68*F68/1000) -> 25.254424 | H68: =IF(ISNA(G68),NA(),IF(G68>0,EXP(-1.085+0.9256*LN(G68))/G68,0)) -> 0.26573979 | I68: =IF(OR(ISNA(G68),ISNA(H68)),NA(),G68*H68) -> 6.7111052 | J68: =IF(OR(ISNA(G68),ISNA(I68)),NA(),G68+I68) -> 31.965529 | K68: =Z68*0.47*(44/12) -> 55.087262 | Q68: =A68&"|"&B68 -> Dawadawa|27 | Y68: =Y67*(1-AB2) + MAX(0,J67-J68) -> 0 | Z68: =J68+Y68 -> 31.965529
A69: Dawadawa | B69: 28 | C69: =INDEX($N$2:$N$6, MATCH(A69, $M$2:$M$6, 0)) -> 70 | D69: =IF(B69=1,INDEX($T$2:$T$6, MATCH(A69, $S$2:$S$6, 0)),INDEX($T$2:$T$6, MATCH(A69, $S$2:$S$6, 0))*POWER(INDEX($U$2:$U$6, MATCH(A69, $S$2:$S$6, 0)),MIN(B69-1,2))*POWER(INDEX($V$2:$V$6, MATCH(A69, $S$2:$S$6, 0)),MAX(MIN(B69-3,17),0))*POWER(INDEX($W$2:$W$6, MATCH(A69, $S$2:$S$6, 0)),MAX(B69-20,0))) -> 0.58570328 | E69: =C69*D69 -> 40.99923 | F69: =IFERROR(INDEX('3_GrowthInputs'!$F$2:$F$201, MATCH(Q69, '3_GrowthInputs'!$G$2:$G$201, 0)), NA()) -> 654.67743 | G69: =IF(OR(ISNA(E69),ISNA(F69)),NA(),E69*F69/1000) -> 26.841271 | H69: =IF(ISNA(G69),NA(),IF(G69>0,EXP(-1.085+0.9256*LN(G69))/G69,0)) -> 0.26453768 | I69: =IF(OR(ISNA(G69),ISNA(H69)),NA(),G69*H69) -> 7.1005274 | J69: =IF(OR(ISNA(G69),ISNA(I69)),NA(),G69+I69) -> 33.941798 | K69: =Z69*0.47*(44/12) -> 58.493032 | Q69: =A69&"|"&B69 -> Dawadawa|28 | Y69: =Y68*(1-AB2) + MAX(0,J68-J69) -> 0 | Z69: =J69+Y69 -> 33.941798
A70: Dawadawa | B70: 29 | C70: =INDEX($N$2:$N$6, MATCH(A70, $M$2:$M$6, 0)) -> 70 | D70: =IF(B70=1,INDEX($T$2:$T$6, MATCH(A70, $S$2:$S$6, 0)),INDEX($T$2:$T$6, MATCH(A70, $S$2:$S$6, 0))*POWER(INDEX($U$2:$U$6, MATCH(A70, $S$2:$S$6, 0)),MIN(B70-1,2))*POWER(INDEX($V$2:$V$6, MATCH(A70, $S$2:$S$6, 0)),MAX(MIN(B70-3,17),0))*POWER(INDEX($W$2:$W$6, MATCH(A70, $S$2:$S$6, 0)),MAX(B70-20,0))) -> 0.57984625 | E70: =C70*D70 -> 40.589238 | F70: =IFERROR(INDEX('3_GrowthInputs'!$F$2:$F$201, MATCH(Q70, '3_GrowthInputs'!$G$2:$G$201, 0)), NA()) -> 701.13127 | G70: =IF(OR(ISNA(E70),ISNA(F70)),NA(),E70*F70/1000) -> 28.458383 | H70: =IF(ISNA(G70),NA(),IF(G70>0,EXP(-1.085+0.9256*LN(G70))/G70,0)) -> 0.26338877 | I70: =IF(OR(ISNA(G70),ISNA(H70)),NA(),G70*H70) -> 7.4956185 | J70: =IF(OR(ISNA(G70),ISNA(I70)),NA(),G70+I70) -> 35.954002 | K70: =Z70*0.47*(44/12) -> 61.96073 | Q70: =A70&"|"&B70 -> Dawadawa|29 | Y70: =Y69*(1-AB2) + MAX(0,J69-J70) -> 0 | Z70: =J70+Y70 -> 35.954002
A71: Dawadawa | B71: 30 | C71: =INDEX($N$2:$N$6, MATCH(A71, $M$2:$M$6, 0)) -> 70 | D71: =IF(B71=1,INDEX($T$2:$T$6, MATCH(A71, $S$2:$S$6, 0)),INDEX($T$2:$T$6, MATCH(A71, $S$2:$S$6, 0))*POWER(INDEX($U$2:$U$6, MATCH(A71, $S$2:$S$6, 0)),MIN(B71-1,2))*POWER(INDEX($V$2:$V$6, MATCH(A71, $S$2:$S$6, 0)),MAX(MIN(B71-3,17),0))*POWER(INDEX($W$2:$W$6, MATCH(A71, $S$2:$S$6, 0)),MAX(B71-20,0))) -> 0.57404779 | E71: =C71*D71 -> 40.183345 | F71: =IFERROR(INDEX('3_GrowthInputs'!$F$2:$F$201, MATCH(Q71, '3_GrowthInputs'!$G$2:$G$201, 0)), NA()) -> 749.09885 | G71: =IF(OR(ISNA(E71),ISNA(F71)),NA(),E71*F71/1000) -> 30.101298 | H71: =IF(ISNA(G71),NA(),IF(G71>0,EXP(-1.085+0.9256*LN(G71))/G71,0)) -> 0.26229122 | I71: =IF(OR(ISNA(G71),ISNA(H71)),NA(),G71*H71) -> 7.895306 | J71: =IF(OR(ISNA(G71),ISNA(I71)),NA(),G71+I71) -> 37.996604 | K71: =Z71*0.47*(44/12) -> 65.480814 | Q71: =A71&"|"&B71 -> Dawadawa|30 | Y71: =Y70*(1-AB2) + MAX(0,J70-J71) -> 0 | Z71: =J71+Y71 -> 37.996604
A72: Dawadawa | B72: 31 | C72: =INDEX($N$2:$N$6, MATCH(A72, $M$2:$M$6, 0)) -> 70 | D72: =IF(B72=1,INDEX($T$2:$T$6, MATCH(A72, $S$2:$S$6, 0)),INDEX($T$2:$T$6, MATCH(A72, $S$2:$S$6, 0))*POWER(INDEX($U$2:$U$6, MATCH(A72, $S$2:$S$6, 0)),MIN(B72-1,2))*POWER(INDEX($V$2:$V$6, MATCH(A72, $S$2:$S$6, 0)),MAX(MIN(B72-3,17),0))*POWER(INDEX($W$2:$W$6, MATCH(A72, $S$2:$S$6, 0)),MAX(B72-20,0))) -> 0.56830731 | E72: =C72*D72 -> 39.781512 | F72: =IFERROR(INDEX('3_GrowthInputs'!$F$2:$F$201, MATCH(Q72, '3_GrowthInputs'!$G$2:$G$201, 0)), NA()) -> 798.61317 | G72: =IF(OR(ISNA(E72),ISNA(F72)),NA(),E72*F72/1000) -> 31.770039 | H72: =IF(ISNA(G72),NA(),IF(G72>0,EXP(-1.085+0.9256*LN(G72))/G72,0)) -> 0.26124042 | I72: =IF(OR(ISNA(G72),ISNA(H72)),NA(),G72*H72) -> 8.2996183 | J72: =IF(OR(ISNA(G72),ISNA(I72)),NA(),G72+I72) -> 40.069657 | K72: =Z72*0.47*(44/12) -> 69.053376 | Q72: =A72&"|"&B72 -> Dawadawa|31 | Y72: =Y71*(1-AB2) + MAX(0,J71-J72) -> 0 | Z72: =J72+Y72 -> 40.069657
A73: Dawadawa | B73: 32 | C73: =INDEX($N$2:$N$6, MATCH(A73, $M$2:$M$6, 0)) -> 70 | D73: =IF(B73=1,INDEX($T$2:$T$6, MATCH(A73, $S$2:$S$6, 0)),INDEX($T$2:$T$6, MATCH(A73, $S$2:$S$6, 0))*POWER(INDEX($U$2:$U$6, MATCH(A73, $S$2:$S$6, 0)),MIN(B73-1,2))*POWER(INDEX($V$2:$V$6, MATCH(A73, $S$2:$S$6, 0)),MAX(MIN(B73-3,17),0))*POWER(INDEX($W$2:$W$6, MATCH(A73, $S$2:$S$6, 0)),MAX(B73-20,0))) -> 0.56262424 | E73: =C73*D73 -> 39.383697 | F73: =IFERROR(INDEX('3_GrowthInputs'!$F$2:$F$201, MATCH(Q73, '3_GrowthInputs'!$G$2:$G$201, 0)), NA()) -> 849.67179 | G73: =IF(OR(ISNA(E73),ISNA(F73)),NA(),E73*F73/1000) -> 33.463216 | H73: =IF(ISNA(G73),NA(),IF(G73>0,EXP(-1.085+0.9256*LN(G73))/G73,0)) -> 0.26023317 | I73: =IF(OR(ISNA(G73),ISNA(H73)),NA(),G73*H73) -> 8.7082388 | J73: =IF(OR(ISNA(G73),ISNA(I73)),NA(),G73+I73) -> 42.171455 | K73: =Z73*0.47*(44/12) -> 72.675474 | Q73: =A73&"|"&B73 -> Dawadawa|32 | Y73: =Y72*(1-AB2) + MAX(0,J72-J73) -> 0 | Z73: =J73+Y73 -> 42.171455
A74: Dawadawa | B74: 33 | C74: =INDEX($N$2:$N$6, MATCH(A74, $M$2:$M$6, 0)) -> 70 | D74: =IF(B74=1,INDEX($T$2:$T$6, MATCH(A74, $S$2:$S$6, 0)),INDEX($T$2:$T$6, MATCH(A74, $S$2:$S$6, 0))*POWER(INDEX($U$2:$U$6, MATCH(A74, $S$2:$S$6, 0)),MIN(B74-1,2))*POWER(INDEX($V$2:$V$6, MATCH(A74, $S$2:$S$6, 0)),MAX(MIN(B74-3,17),0))*POWER(INDEX($W$2:$W$6, MATCH(A74, $S$2:$S$6, 0)),MAX(B74-20,0))) -> 0.556998 | E74: =C74*D74 -> 38.98986 | F74: =IFERROR(INDEX('3_GrowthInputs'!$F$2:$F$201, MATCH(Q74, '3_GrowthInputs'!$G$2:$G$201, 0)), NA()) -> 902.27236 | G74: =IF(OR(ISNA(E74),ISNA(F74)),NA(),E74*F74/1000) -> 35.179473 | H74: =IF(ISNA(G74),NA(),IF(G74>0,EXP(-1.085+0.9256*LN(G74))/G74,0)) -> 0.25926659 | I74: =IF(OR(ISNA(G74),ISNA(H74)),NA(),G74*H74) -> 9.120862 | J74: =IF(OR(ISNA(G74),ISNA(I74)),NA(),G74+I74) -> 44.300335 | K74: =Z74*0.47*(44/12) -> 76.344243 | Q74: =A74&"|"&B74 -> Dawadawa|33 | Y74: =Y73*(1-AB2) + MAX(0,J73-J74) -> 0 | Z74: =J74+Y74 -> 44.300335
A75: Dawadawa | B75: 34 | C75: =INDEX($N$2:$N$6, MATCH(A75, $M$2:$M$6, 0)) -> 70 | D75: =IF(B75=1,INDEX($T$2:$T$6, MATCH(A75, $S$2:$S$6, 0)),INDEX($T$2:$T$6, MATCH(A75, $S$2:$S$6, 0))*POWER(INDEX($U$2:$U$6, MATCH(A75, $S$2:$S$6, 0)),MIN(B75-1,2))*POWER(INDEX($V$2:$V$6, MATCH(A75, $S$2:$S$6, 0)),MAX(MIN(B75-3,17),0))*POWER(INDEX($W$2:$W$6, MATCH(A75, $S$2:$S$6, 0)),MAX(B75-20,0))) -> 0.55142802 | E75: =C75*D75 -> 38.599961 | F75: =IFERROR(INDEX('3_GrowthInputs'!$F$2:$F$201, MATCH(Q75, '3_GrowthInputs'!$G$2:$G$201, 0)), NA()) -> 956.4126 | G75: =IF(OR(ISNA(E75),ISNA(F75)),NA(),E75*F75/1000) -> 36.917489 | H75: =IF(ISNA(G75),NA(),IF(G75>0,EXP(-1.085+0.9256*LN(G75))/G75,0)) -> 0.25833807 | I75: =IF(OR(ISNA(G75),ISNA(H75)),NA(),G75*H75) -> 9.537193 | J75: =IF(OR(ISNA(G75),ISNA(I75)),NA(),G75+I75) -> 46.454682 | K75: =Z75*0.47*(44/12) -> 80.056902 | Q75: =A75&"|"&B75 -> Dawadawa|34 | Y75: =Y74*(1-AB2) + MAX(0,J74-J75) -> 0 | Z75: =J75+Y75 -> 46.454682
A76: Dawadawa | B76: 35 | C76: =INDEX($N$2:$N$6, MATCH(A76, $M$2:$M$6, 0)) -> 70 | D76: =IF(B76=1,INDEX($T$2:$T$6, MATCH(A76, $S$2:$S$6, 0)),INDEX($T$2:$T$6, MATCH(A76, $S$2:$S$6, 0))*POWER(INDEX($U$2:$U$6, MATCH(A76, $S$2:$S$6, 0)),MIN(B76-1,2))*POWER(INDEX($V$2:$V$6, MATCH(A76, $S$2:$S$6, 0)),MAX(MIN(B76-3,17),0))*POWER(INDEX($W$2:$W$6, MATCH(A76, $S$2:$S$6, 0)),MAX(B76-20,0))) -> 0.54591373 | E76: =C76*D76 -> 38.213961 | F76: =IFERROR(INDEX('3_GrowthInputs'!$F$2:$F$201, MATCH(Q76, '3_GrowthInputs'!$G$2:$G$201, 0)), NA()) -> 1012.0903 | G76: =IF(OR(ISNA(E76),ISNA(F76)),NA(),E76*F76/1000) -> 38.67598 | H76: =IF(ISNA(G76),NA(),IF(G76>0,EXP(-1.085+0.9256*LN(G76))/G76,0)) -> 0.25744523 | I76: =IF(OR(ISNA(G76),ISNA(H76)),NA(),G76*H76) -> 9.9569466 | J76: =IF(OR(ISNA(G76),ISNA(I76)),NA(),G76+I76) -> 48.632926 | K76: =Z76*0.47*(44/12) -> 83.810743 | Q76: =A76&"|"&B76 -> Dawadawa|35 | Y76: =Y75*(1-AB2) + MAX(0,J75-J76) -> 0 | Z76: =J76+Y76 -> 48.632926
A77: Dawadawa | B77: 36 | C77: =INDEX($N$2:$N$6, MATCH(A77, $M$2:$M$6, 0)) -> 70 | D77: =IF(B77=1,INDEX($T$2:$T$6, MATCH(A77, $S$2:$S$6, 0)),INDEX($T$2:$T$6, MATCH(A77, $S$2:$S$6, 0))*POWER(INDEX($U$2:$U$6, MATCH(A77, $S$2:$S$6, 0)),MIN(B77-1,2))*POWER(INDEX($V$2:$V$6, MATCH(A77, $S$2:$S$6, 0)),MAX(MIN(B77-3,17),0))*POWER(INDEX($W$2:$W$6, MATCH(A77, $S$2:$S$6, 0)),MAX(B77-20,0))) -> 0.5404546 | E77: =C77*D77 -> 37.831822 | F77: =IFERROR(INDEX('3_GrowthInputs'!$F$2:$F$201, MATCH(Q77, '3_GrowthInputs'!$G$2:$G$201, 0)), NA()) -> 1069.3033 | G77: =IF(OR(ISNA(E77),ISNA(F77)),NA(),E77*F77/1000) -> 40.453693 | H77: =IF(ISNA(G77),NA(),IF(G77>0,EXP(-1.085+0.9256*LN(G77))/G77,0)) -> 0.25658591 | I77: =IF(OR(ISNA(G77),ISNA(H77)),NA(),G77*H77) -> 10.379848 | J77: =IF(OR(ISNA(G77),ISNA(I77)),NA(),G77+I77) -> 50.833541 | K77: =Z77*0.47*(44/12) -> 87.603136 | Q77: =A77&"|"&B77 -> Dawadawa|36 | Y77: =Y76*(1-AB2) + MAX(0,J76-J77) -> 0 | Z77: =J77+Y77 -> 50.833541
A78: Dawadawa | B78: 37 | C78: =INDEX($N$2:$N$6, MATCH(A78, $M$2:$M$6, 0)) -> 70 | D78: =IF(B78=1,INDEX($T$2:$T$6, MATCH(A78, $S$2:$S$6, 0)),INDEX($T$2:$T$6, MATCH(A78, $S$2:$S$6, 0))*POWER(INDEX($U$2:$U$6, MATCH(A78, $S$2:$S$6, 0)),MIN(B78-1,2))*POWER(INDEX($V$2:$V$6, MATCH(A78, $S$2:$S$6, 0)),MAX(MIN(B78-3,17),0))*POWER(INDEX($W$2:$W$6, MATCH(A78, $S$2:$S$6, 0)),MAX(B78-20,0))) -> 0.53505005 | E78: =C78*D78 -> 37.453504 | F78: =IFERROR(INDEX('3_GrowthInputs'!$F$2:$F$201, MATCH(Q78, '3_GrowthInputs'!$G$2:$G$201, 0)), NA()) -> 1128.0496 | G78: =IF(OR(ISNA(E78),ISNA(F78)),NA(),E78*F78/1000) -> 42.249411 | H78: =IF(ISNA(G78),NA(),IF(G78>0,EXP(-1.085+0.9256*LN(G78))/G78,0)) -> 0.25575812 | I78: =IF(OR(ISNA(G78),ISNA(H78)),NA(),G78*H78) -> 10.80563 | J78: =IF(OR(ISNA(G78),ISNA(I78)),NA(),G78+I78) -> 53.055041 | K78: =Z78*0.47*(44/12) -> 91.43152 | Q78: =A78&"|"&B78 -> Dawadawa|37 | Y78: =Y77*(1-AB2) + MAX(0,J77-J78) -> 0 | Z78: =J78+Y78 -> 53.055041
A79: Dawadawa | B79: 38 | C79: =INDEX($N$2:$N$6, MATCH(A79, $M$2:$M$6, 0)) -> 70 | D79: =IF(B79=1,INDEX($T$2:$T$6, MATCH(A79, $S$2:$S$6, 0)),INDEX($T$2:$T$6, MATCH(A79, $S$2:$S$6, 0))*POWER(INDEX($U$2:$U$6, MATCH(A79, $S$2:$S$6, 0)),MIN(B79-1,2))*POWER(INDEX($V$2:$V$6, MATCH(A79, $S$2:$S$6, 0)),MAX(MIN(B79-3,17),0))*POWER(INDEX($W$2:$W$6, MATCH(A79, $S$2:$S$6, 0)),MAX(B79-20,0))) -> 0.52969955 | E79: =C79*D79 -> 37.078969 | F79: =IFERROR(INDEX('3_GrowthInputs'!$F$2:$F$201, MATCH(Q79, '3_GrowthInputs'!$G$2:$G$201, 0)), NA()) -> 1188.3272 | G79: =IF(OR(ISNA(E79),ISNA(F79)),NA(),E79*F79/1000) -> 44.061945 | H79: =IF(ISNA(G79),NA(),IF(G79>0,EXP(-1.085+0.9256*LN(G79))/G79,0)) -> 0.25496006 | I79: =IF(OR(ISNA(G79),ISNA(H79)),NA(),G79*H79) -> 11.234036 | J79: =IF(OR(ISNA(G79),ISNA(I79)),NA(),G79+I79) -> 55.295982 | K79: =Z79*0.47*(44/12) -> 95.293408 | Q79: =A79&"|"&B79 -> Dawadawa|38 | Y79: =Y78*(1-AB2) + MAX(0,J78-J79) -> 0 | Z79: =J79+Y79 -> 55.295982
A80: Dawadawa | B80: 39 | C80: =INDEX($N$2:$N$6, MATCH(A80, $M$2:$M$6, 0)) -> 70 | D80: =IF(B80=1,INDEX($T$2:$T$6, MATCH(A80, $S$2:$S$6, 0)),INDEX($T$2:$T$6, MATCH(A80, $S$2:$S$6, 0))*POWER(INDEX($U$2:$U$6, MATCH(A80, $S$2:$S$6, 0)),MIN(B80-1,2))*POWER(INDEX($V$2:$V$6, MATCH(A80, $S$2:$S$6, 0)),MAX(MIN(B80-3,17),0))*POWER(INDEX($W$2:$W$6, MATCH(A80, $S$2:$S$6, 0)),MAX(B80-20,0))) -> 0.52440256 | E80: =C80*D80 -> 36.708179 | F80: =IFERROR(INDEX('3_GrowthInputs'!$F$2:$F$201, MATCH(Q80, '3_GrowthInputs'!$G$2:$G$201, 0)), NA()) -> 1250.134 | G80: =IF(OR(ISNA(E80),ISNA(F80)),NA(),E80*F80/1000) -> 45.890141 | H80: =IF(ISNA(G80),NA(),IF(G80>0,EXP(-1.085+0.9256*LN(G80))/G80,0)) -> 0.25419006 | I80: =IF(OR(ISNA(G80),ISNA(H80)),NA(),G80*H80) -> 11.664818 | J80: =IF(OR(ISNA(G80),ISNA(I80)),NA(),G80+I80) -> 57.554959 | K80: =Z80*0.47*(44/12) -> 99.186379 | Q80: =A80&"|"&B80 -> Dawadawa|39 | Y80: =Y79*(1-AB2) + MAX(0,J79-J80) -> 0 | Z80: =J80+Y80 -> 57.554959
A81: Dawadawa | B81: 40 | C81: =INDEX($N$2:$N$6, MATCH(A81, $M$2:$M$6, 0)) -> 70 | D81: =IF(B81=1,INDEX($T$2:$T$6, MATCH(A81, $S$2:$S$6, 0)),INDEX($T$2:$T$6, MATCH(A81, $S$2:$S$6, 0))*POWER(INDEX($U$2:$U$6, MATCH(A81, $S$2:$S$6, 0)),MIN(B81-1,2))*POWER(INDEX($V$2:$V$6, MATCH(A81, $S$2:$S$6, 0)),MAX(MIN(B81-3,17),0))*POWER(INDEX($W$2:$W$6, MATCH(A81, $S$2:$S$6, 0)),MAX(B81-20,0))) -> 0.51915853 | E81: =C81*D81 -> 36.341097 | F81: =IFERROR(INDEX('3_GrowthInputs'!$F$2:$F$201, MATCH(Q81, '3_GrowthInputs'!$G$2:$G$201, 0)), NA()) -> 1313.4681 | G81: =IF(OR(ISNA(E81),ISNA(F81)),NA(),E81*F81/1000) -> 47.732873 | H81: =IF(ISNA(G81),NA(),IF(G81>0,EXP(-1.085+0.9256*LN(G81))/G81,0)) -> 0.25344659 | I81: =IF(OR(ISNA(G81),ISNA(H81)),NA(),G81*H81) -> 12.097734 | J81: =IF(OR(ISNA(G81),ISNA(I81)),NA(),G81+I81) -> 59.830608 | K81: =Z81*0.47*(44/12) -> 103.10808 | Q81: =A81&"|"&B81 -> Dawadawa|40 | Y81: =Y80*(1-AB2) + MAX(0,J80-J81) -> 0 | Z81: =J81+Y81 -> 59.830608
A82: Mango | B82: 1 | C82: =INDEX($N$2:$N$6, MATCH(A82, $M$2:$M$6, 0)) -> 79 | D82: =IF(B82=1,INDEX($T$2:$T$6, MATCH(A82, $S$2:$S$6, 0)),INDEX($T$2:$T$6, MATCH(A82, $S$2:$S$6, 0))*POWER(INDEX($U$2:$U$6, MATCH(A82, $S$2:$S$6, 0)),MIN(B82-1,2))*POWER(INDEX($V$2:$V$6, MATCH(A82, $S$2:$S$6, 0)),MAX(MIN(B82-3,17),0))*POWER(INDEX($W$2:$W$6, MATCH(A82, $S$2:$S$6, 0)),MAX(B82-20,0))) -> 0.75 | E82: =C82*D82 -> 59.25 | F82: =IFERROR(INDEX('3_GrowthInputs'!$F$2:$F$201, MATCH(Q82, '3_GrowthInputs'!$G$2:$G$201, 0)), NA()) -> 2.3060405 | G82: =IF(OR(ISNA(E82),ISNA(F82)),NA(),E82*F82/1000) -> 0.1366329 | H82: =IF(ISNA(G82),NA(),IF(G82>0,EXP(-1.085+0.9256*LN(G82))/G82,0)) -> 0.39183676 | I82: =IF(OR(ISNA(G82),ISNA(H82)),NA(),G82*H82) -> 0.053537793 | J82: =IF(OR(ISNA(G82),ISNA(I82)),NA(),G82+I82) -> 0.1901707 | K82: =Z82*0.47*(44/12) -> 0.3277275 | Q82: =A82&"|"&B82 -> Mango|1 | Y82: 0 | Z82: =J82+Y82 -> 0.1901707
A83: Mango | B83: 2 | C83: =INDEX($N$2:$N$6, MATCH(A83, $M$2:$M$6, 0)) -> 79 | D83: =IF(B83=1,INDEX($T$2:$T$6, MATCH(A83, $S$2:$S$6, 0)),INDEX($T$2:$T$6, MATCH(A83, $S$2:$S$6, 0))*POWER(INDEX($U$2:$U$6, MATCH(A83, $S$2:$S$6, 0)),MIN(B83-1,2))*POWER(INDEX($V$2:$V$6, MATCH(A83, $S$2:$S$6, 0)),MAX(MIN(B83-3,17),0))*POWER(INDEX($W$2:$W$6, MATCH(A83, $S$2:$S$6, 0)),MAX(B83-20,0))) -> 0.7125 | E83: =C83*D83 -> 56.2875 | F83: =IFERROR(INDEX('3_GrowthInputs'!$F$2:$F$201, MATCH(Q83, '3_GrowthInputs'!$G$2:$G$201, 0)), NA()) -> 3.3456654 | G83: =IF(OR(ISNA(E83),ISNA(F83)),NA(),E83*F83/1000) -> 0.18831914 | H83: =IF(ISNA(G83),NA(),IF(G83>0,EXP(-1.085+0.9256*LN(G83))/G83,0)) -> 0.38259416 | I83: =IF(OR(ISNA(G83),ISNA(H83)),NA(),G83*H83) -> 0.072049804 | J83: =IF(OR(ISNA(G83),ISNA(I83)),NA(),G83+I83) -> 0.26036894 | K83: =Z83*0.47*(44/12) -> 0.44870248 | Q83: =A83&"|"&B83 -> Mango|2 | Y83: =Y82*(1-AB2) + MAX(0,J82-J83) -> 0 | Z83: =J83+Y83 -> 0.26036894
A84: Mango | B84: 3 | C84: =INDEX($N$2:$N$6, MATCH(A84, $M$2:$M$6, 0)) -> 79 | D84: =IF(B84=1,INDEX($T$2:$T$6, MATCH(A84, $S$2:$S$6, 0)),INDEX($T$2:$T$6, MATCH(A84, $S$2:$S$6, 0))*POWER(INDEX($U$2:$U$6, MATCH(A84, $S$2:$S$6, 0)),MIN(B84-1,2))*POWER(INDEX($V$2:$V$6, MATCH(A84, $S$2:$S$6, 0)),MAX(MIN(B84-3,17),0))*POWER(INDEX($W$2:$W$6, MATCH(A84, $S$2:$S$6, 0)),MAX(B84-20,0))) -> 0.676875 | E84: =C84*D84 -> 53.473125 | F84: =IFERROR(INDEX('3_GrowthInputs'!$F$2:$F$201, MATCH(Q84, '3_GrowthInputs'!$G$2:$G$201, 0)), NA()) -> 4.8396636 | G84: =IF(OR(ISNA(E84),ISNA(F84)),NA(),E84*F84/1000) -> 0.25879194 | H84: =IF(ISNA(G84),NA(),IF(G84>0,EXP(-1.085+0.9256*LN(G84))/G84,0)) -> 0.37365169 | I84: =IF(OR(ISNA(G84),ISNA(H84)),NA(),G84*H84) -> 0.096698044 | J84: =IF(OR(ISNA(G84),ISNA(I84)),NA(),G84+I84) -> 0.35548998 | K84: =Z84*0.47*(44/12) -> 0.61262773 | Q84: =A84&"|"&B84 -> Mango|3 | Y84: =Y83*(1-AB2) + MAX(0,J83-J84) -> 0 | Z84: =J84+Y84 -> 0.35548998
A85: Mango | B85: 4 | C85: =INDEX($N$2:$N$6, MATCH(A85, $M$2:$M$6, 0)) -> 79 | D85: =IF(B85=1,INDEX($T$2:$T$6, MATCH(A85, $S$2:$S$6, 0)),INDEX($T$2:$T$6, MATCH(A85, $S$2:$S$6, 0))*POWER(INDEX($U$2:$U$6, MATCH(A85, $S$2:$S$6, 0)),MIN(B85-1,2))*POWER(INDEX($V$2:$V$6, MATCH(A85, $S$2:$S$6, 0)),MAX(MIN(B85-3,17),0))*POWER(INDEX($W$2:$W$6, MATCH(A85, $S$2:$S$6, 0)),MAX(B85-20,0))) -> 0.67010625 | E85: =C85*D85 -> 52.938394 | F85: =IFERROR(INDEX('3_GrowthInputs'!$F$2:$F$201, MATCH(Q85, '3_GrowthInputs'!$G$2:$G$201, 0)), NA()) -> 6.973313 | G85: =IF(OR(ISNA(E85),ISNA(F85)),NA(),E85*F85/1000) -> 0.36915599 | H85: =IF(ISNA(G85),NA(),IF(G85>0,EXP(-1.085+0.9256*LN(G85))/G85,0)) -> 0.36390671 | I85: =IF(OR(ISNA(G85),ISNA(H85)),NA(),G85*H85) -> 0.13433834 | J85: =IF(OR(ISNA(G85),ISNA(I85)),NA(),G85+I85) -> 0.50349433 | K85: =Z85*0.47*(44/12) -> 0.86768857 | Q85: =A85&"|"&B85 -> Mango|4 | Y85: =Y84*(1-AB2) + MAX(0,J84-J85) -> 0 | Z85: =J85+Y85 -> 0.50349433
A86: Mango | B86: 5 | C86: =INDEX($N$2:$N$6, MATCH(A86, $M$2:$M$6, 0)) -> 79 | D86: =IF(B86=1,INDEX($T$2:$T$6, MATCH(A86, $S$2:$S$6, 0)),INDEX($T$2:$T$6, MATCH(A86, $S$2:$S$6, 0))*POWER(INDEX($U$2:$U$6, MATCH(A86, $S$2:$S$6, 0)),MIN(B86-1,2))*POWER(INDEX($V$2:$V$6, MATCH(A86, $S$2:$S$6, 0)),MAX(MIN(B86-3,17),0))*POWER(INDEX($W$2:$W$6, MATCH(A86, $S$2:$S$6, 0)),MAX(B86-20,0))) -> 0.66340519 | E86: =C86*D86 -> 52.40901 | F86: =IFERROR(INDEX('3_GrowthInputs'!$F$2:$F$201, MATCH(Q86, '3_GrowthInputs'!$G$2:$G$201, 0)), NA()) -> 10.01297 | G86: =IF(OR(ISNA(E86),ISNA(F86)),NA(),E86*F86/1000) -> 0.52476986 | H86: =IF(ISNA(G86),NA(),IF(G86>0,EXP(-1.085+0.9256*LN(G86))/G86,0)) -> 0.35450699 | I86: =IF(OR(ISNA(G86),ISNA(H86)),NA(),G86*H86) -> 0.18603458 | J86: =IF(OR(ISNA(G86),ISNA(I86)),NA(),G86+I86) -> 0.71080444 | K86: =Z86*0.47*(44/12) -> 1.224953 | Q86: =A86&"|"&B86 -> Mango|5 | Y86: =Y85*(1-AB2) + MAX(0,J85-J86) -> 0 | Z86: =J86+Y86 -> 0.71080444
A87: Mango | B87: 6 | C87: =INDEX($N$2:$N$6, MATCH(A87, $M$2:$M$6, 0)) -> 79 | D87: =IF(B87=1,INDEX($T$2:$T$6, MATCH(A87, $S$2:$S$6, 0)),INDEX($T$2:$T$6, MATCH(A87, $S$2:$S$6, 0))*POWER(INDEX($U$2:$U$6, MATCH(A87, $S$2:$S$6, 0)),MIN(B87-1,2))*POWER(INDEX($V$2:$V$6, MATCH(A87, $S$2:$S$6, 0)),MAX(MIN(B87-3,17),0))*POWER(INDEX($W$2:$W$6, MATCH(A87, $S$2:$S$6, 0)),MAX(B87-20,0))) -> 0.65677114 | E87: =C87*D87 -> 51.88492 | F87: =IFERROR(INDEX('3_GrowthInputs'!$F$2:$F$201, MATCH(Q87, '3_GrowthInputs'!$G$2:$G$201, 0)), NA()) -> 14.305615 | G87: =IF(OR(ISNA(E87),ISNA(F87)),NA(),E87*F87/1000) -> 0.74224567 | H87: =IF(ISNA(G87),NA(),IF(G87>0,EXP(-1.085+0.9256*LN(G87))/G87,0)) -> 0.34547907 | I87: =IF(OR(ISNA(G87),ISNA(H87)),NA(),G87*H87) -> 0.25643034 | J87: =IF(OR(ISNA(G87),ISNA(I87)),NA(),G87+I87) -> 0.99867602 | K87: =Z87*0.47*(44/12) -> 1.7210517 | Q87: =A87&"|"&B87 -> Mango|6 | Y87: =Y86*(1-AB2) + MAX(0,J86-J87) -> 0 | Z87: =J87+Y87 -> 0.99867602
A88: Mango | B88: 7 | C88: =INDEX($N$2:$N$6, MATCH(A88, $M$2:$M$6, 0)) -> 79 | D88: =IF(B88=1,INDEX($T$2:$T$6, MATCH(A88, $S$2:$S$6, 0)),INDEX($T$2:$T$6, MATCH(A88, $S$2:$S$6, 0))*POWER(INDEX($U$2:$U$6, MATCH(A88, $S$2:$S$6, 0)),MIN(B88-1,2))*POWER(INDEX($V$2:$V$6, MATCH(A88, $S$2:$S$6, 0)),MAX(MIN(B88-3,17),0))*POWER(INDEX($W$2:$W$6, MATCH(A88, $S$2:$S$6, 0)),MAX(B88-20,0))) -> 0.65020342 | E88: =C88*D88 -> 51.366071 | F88: =IFERROR(INDEX('3_GrowthInputs'!$F$2:$F$201, MATCH(Q88, '3_GrowthInputs'!$G$2:$G$201, 0)), NA()) -> 20.328602 | G88: =IF(OR(ISNA(E88),ISNA(F88)),NA(),E88*F88/1000) -> 1.0442004 | H88: =IF(ISNA(G88),NA(),IF(G88>0,EXP(-1.085+0.9256*LN(G88))/G88,0)) -> 0.3368162 | I88: =IF(OR(ISNA(G88),ISNA(H88)),NA(),G88*H88) -> 0.35170362 | J88: =IF(OR(ISNA(G88),ISNA(I88)),NA(),G88+I88) -> 1.395904 | K88: =Z88*0.47*(44/12) -> 2.405608 | Q88: =A88&"|"&B88 -> Mango|7 | Y88: =Y87*(1-AB2) + MAX(0,J87-J88) -> 0 | Z88: =J88+Y88 -> 1.395904
A89: Mango | B89: 8 | C89: =INDEX($N$2:$N$6, MATCH(A89, $M$2:$M$6, 0)) -> 79 | D89: =IF(B89=1,INDEX($T$2:$T$6, MATCH(A89, $S$2:$S$6, 0)),INDEX($T$2:$T$6, MATCH(A89, $S$2:$S$6, 0))*POWER(INDEX($U$2:$U$6, MATCH(A89, $S$2:$S$6, 0)),MIN(B89-1,2))*POWER(INDEX($V$2:$V$6, MATCH(A89, $S$2:$S$6, 0)),MAX(MIN(B89-3,17),0))*POWER(INDEX($W$2:$W$6, MATCH(A89, $S$2:$S$6, 0)),MAX(B89-20,0))) -> 0.64370139 | E89: =C89*D89 -> 50.85241 | F89: =IFERROR(INDEX('3_GrowthInputs'!$F$2:$F$201, MATCH(Q89, '3_GrowthInputs'!$G$2:$G$201, 0)), NA()) -> 28.724716 | G89: =IF(OR(ISNA(E89),ISNA(F89)),NA(),E89*F89/1000) -> 1.460721 | H89: =IF(ISNA(G89),NA(),IF(G89>0,EXP(-1.085+0.9256*LN(G89))/G89,0)) -> 0.32850855 | I89: =IF(OR(ISNA(G89),ISNA(H89)),NA(),G89*H89) -> 0.47985936 | J89: =IF(OR(ISNA(G89),ISNA(I89)),NA(),G89+I89) -> 1.9405804 | K89: =Z89*0.47*(44/12) -> 3.3442669 | Q89: =A89&"|"&B89 -> Mango|8 | Y89: =Y88*(1-AB2) + MAX(0,J88-J89) -> 0 | Z89: =J89+Y89 -> 1.9405804
A90: Mango | B90: 9 | C90: =INDEX($N$2:$N$6, MATCH(A90, $M$2:$M$6, 0)) -> 79 | D90: =IF(B90=1,INDEX($T$2:$T$6, MATCH(A90, $S$2:$S$6, 0)),INDEX($T$2:$T$6, MATCH(A90, $S$2:$S$6, 0))*POWER(INDEX($U$2:$U$6, MATCH(A90, $S$2:$S$6, 0)),MIN(B90-1,2))*POWER(INDEX($V$2:$V$6, MATCH(A90, $S$2:$S$6, 0)),MAX(MIN(B90-3,17),0))*POWER(INDEX($W$2:$W$6, MATCH(A90, $S$2:$S$6, 0)),MAX(B90-20,0))) -> 0.63726438 | E90: =C90*D90 -> 50.343886 | F90: =IFERROR(INDEX('3_GrowthInputs'!$F$2:$F$201, MATCH(Q90, '3_GrowthInputs'!$G$2:$G$201, 0)), NA()) -> 40.309125 | G90: =IF(OR(ISNA(E90),ISNA(F90)),NA(),E90*F90/1000) -> 2.029318 | H90: =IF(ISNA(G90),NA(),IF(G90>0,EXP(-1.085+0.9256*LN(G90))/G90,0)) -> 0.32057056 | I90: =IF(OR(ISNA(G90),ISNA(H90)),NA(),G90*H90) -> 0.65053961 | J90: =IF(OR(ISNA(G90),ISNA(I90)),NA(),G90+I90) -> 2.6798576 | K90: =Z90*0.47*(44/12) -> 4.618288 | Q90: =A90&"|"&B90 -> Mango|9 | Y90: =Y89*(1-AB2) + MAX(0,J89-J90) -> 0 | Z90: =J90+Y90 -> 2.6798576
A91: Mango | B91: 10 | C91: =INDEX($N$2:$N$6, MATCH(A91, $M$2:$M$6, 0)) -> 79 | D91: =IF(B91=1,INDEX($T$2:$T$6, MATCH(A91, $S$2:$S$6, 0)),INDEX($T$2:$T$6, MATCH(A91, $S$2:$S$6, 0))*POWER(INDEX($U$2:$U$6, MATCH(A91, $S$2:$S$6, 0)),MIN(B91-1,2))*POWER(INDEX($V$2:$V$6, MATCH(A91, $S$2:$S$6, 0)),MAX(MIN(B91-3,17),0))*POWER(INDEX($W$2:$W$6, MATCH(A91, $S$2:$S$6, 0)),MAX(B91-20,0))) -> 0.63089173 | E91: =C91*D91 -> 49.840447 | F91: =IFERROR(INDEX('3_GrowthInputs'!$F$2:$F$201, MATCH(Q91, '3_GrowthInputs'!$G$2:$G$201, 0)), NA()) -> 56.149793 | G91: =IF(OR(ISNA(E91),ISNA(F91)),NA(),E91*F91/1000) -> 2.7985308 | H91: =IF(ISNA(G91),NA(),IF(G91>0,EXP(-1.085+0.9256*LN(G91))/G91,0)) -> 0.31299607 | I91: =IF(OR(ISNA(G91),ISNA(H91)),NA(),G91*H91) -> 0.87592914 | J91: =IF(OR(ISNA(G91),ISNA(I91)),NA(),G91+I91) -> 3.6744599 | K91: =Z91*0.47*(44/12) -> 6.3323192 | Q91: =A91&"|"&B91 -> Mango|10 | Y91: =Y90*(1-AB2) + MAX(0,J90-J91) -> 0 | Z91: =J91+Y91 -> 3.6744599
A92: Mango | B92: 11 | C92: =INDEX($N$2:$N$6, MATCH(A92, $M$2:$M$6, 0)) -> 79 | D92: =IF(B92=1,INDEX($T$2:$T$6, MATCH(A92, $S$2:$S$6, 0)),INDEX($T$2:$T$6, MATCH(A92, $S$2:$S$6, 0))*POWER(INDEX($U$2:$U$6, MATCH(A92, $S$2:$S$6, 0)),MIN(B92-1,2))*POWER(INDEX($V$2:$V$6, MATCH(A92, $S$2:$S$6, 0)),MAX(MIN(B92-3,17),0))*POWER(INDEX($W$2:$W$6, MATCH(A92, $S$2:$S$6, 0)),MAX(B92-20,0))) -> 0.62458282 | E92: =C92*D92 -> 49.342042 | F92: =IFERROR(INDEX('3_GrowthInputs'!$F$2:$F$201, MATCH(Q92, '3_GrowthInputs'!$G$2:$G$201, 0)), NA()) -> 77.56299 | G92: =IF(OR(ISNA(E92),ISNA(F92)),NA(),E92*F92/1000) -> 3.8271163 | H92: =IF(ISNA(G92),NA(),IF(G92>0,EXP(-1.085+0.9256*LN(G92))/G92,0)) -> 0.3057911 | I92: =IF(OR(ISNA(G92),ISNA(H92)),NA(),G92*H92) -> 1.1702981 | J92: =IF(OR(ISNA(G92),ISNA(I92)),NA(),G92+I92) -> 4.9974144 | K92: =Z92*0.47*(44/12) -> 8.6122109 | Q92: =A92&"|"&B92 -> Mango|11 | Y92: =Y91*(1-AB2) + MAX(0,J91-J92) -> 0 | Z92: =J92+Y92 -> 4.9974144
A93: Mango | B93: 12 | C93: =INDEX($N$2:$N$6, MATCH(A93, $M$2:$M$6, 0)) -> 79 | D93: =IF(B93=1,INDEX($T$2:$T$6, MATCH(A93, $S$2:$S$6, 0)),INDEX($T$2:$T$6, MATCH(A93, $S$2:$S$6, 0))*POWER(INDEX($U$2:$U$6, MATCH(A93, $S$2:$S$6, 0)),MIN(B93-1,2))*POWER(INDEX($V$2:$V$6, MATCH(A93, $S$2:$S$6, 0)),MAX(MIN(B93-3,17),0))*POWER(INDEX($W$2:$W$6, MATCH(A93, $S$2:$S$6, 0)),MAX(B93-20,0))) -> 0.61833699 | E93: =C93*D93 -> 48.848622 | F93: =IFERROR(INDEX('3_GrowthInputs'!$F$2:$F$201, MATCH(Q93, '3_GrowthInputs'!$G$2:$G$201, 0)), NA()) -> 106.1574 | G93: =IF(OR(ISNA(E93),ISNA(F93)),NA(),E93*F93/1000) -> 5.1856429 | H93: =IF(ISNA(G93),NA(),IF(G93>0,EXP(-1.085+0.9256*LN(G93))/G93,0)) -> 0.29895731 | I93: =IF(OR(ISNA(G93),ISNA(H93)),NA(),G93*H93) -> 1.5502858 | J93: =IF(OR(ISNA(G93),ISNA(I93)),NA(),G93+I93) -> 6.7359287 | K93: =Z93*0.47*(44/12) -> 11.60825 | Q93: =A93&"|"&B93 -> Mango|12 | Y93: =Y92*(1-AB2) + MAX(0,J92-J93) -> 0 | Z93: =J93+Y93 -> 6.7359287
A94: Mango | B94: 13 | C94: =INDEX($N$2:$N$6, MATCH(A94, $M$2:$M$6, 0)) -> 79 | D94: =IF(B94=1,INDEX($T$2:$T$6, MATCH(A94, $S$2:$S$6, 0)),INDEX($T$2:$T$6, MATCH(A94, $S$2:$S$6, 0))*POWER(INDEX($U$2:$U$6, MATCH(A94, $S$2:$S$6, 0)),MIN(B94-1,2))*POWER(INDEX($V$2:$V$6, MATCH(A94, $S$2:$S$6, 0)),MAX(MIN(B94-3,17),0))*POWER(INDEX($W$2:$W$6, MATCH(A94, $S$2:$S$6, 0)),MAX(B94-20,0))) -> 0.61215362 | E94: =C94*D94 -> 48.360136 | F94: =IFERROR(INDEX('3_GrowthInputs'!$F$2:$F$201, MATCH(Q94, '3_GrowthInputs'!$G$2:$G$201, 0)), NA()) -> 143.82357 | G94: =IF(OR(ISNA(E94),ISNA(F94)),NA(),E94*F94/1000) -> 6.9553274 | H94: =IF(ISNA(G94),NA(),IF(G94>0,EXP(-1.085+0.9256*LN(G94))/G94,0)) -> 0.29249743 | I94: =IF(OR(ISNA(G94),ISNA(H94)),NA(),G94*H94) -> 2.0344154 | J94: =IF(OR(ISNA(G94),ISNA(I94)),NA(),G94+I94) -> 8.9897429 | K94: =Z94*0.47*(44/12) -> 15.492324 | Q94: =A94&"|"&B94 -> Mango|13 | Y94: =Y93*(1-AB2) + MAX(0,J93-J94) -> 0 | Z94: =J94+Y94 -> 8.9897429
A95: Mango | B95: 14 | C95: =INDEX($N$2:$N$6, MATCH(A95, $M$2:$M$6, 0)) -> 79 | D95: =IF(B95=1,INDEX($T$2:$T$6, MATCH(A95, $S$2:$S$6, 0)),INDEX($T$2:$T$6, MATCH(A95, $S$2:$S$6, 0))*POWER(INDEX($U$2:$U$6, MATCH(A95, $S$2:$S$6, 0)),MIN(B95-1,2))*POWER(INDEX($V$2:$V$6, MATCH(A95, $S$2:$S$6, 0)),MAX(MIN(B95-3,17),0))*POWER(INDEX($W$2:$W$6, MATCH(A95, $S$2:$S$6, 0)),MAX(B95-20,0))) -> 0.60603208 | E95: =C95*D95 -> 47.876534 | F95: =IFERROR(INDEX('3_GrowthInputs'!$F$2:$F$201, MATCH(Q95, '3_GrowthInputs'!$G$2:$G$201, 0)), NA()) -> 192.69418 | G95: =IF(OR(ISNA(E95),ISNA(F95)),NA(),E95*F95/1000) -> 9.2255293 | H95: =IF(ISNA(G95),NA(),IF(G95>0,EXP(-1.085+0.9256*LN(G95))/G95,0)) -> 0.28641459 | I95: =IF(OR(ISNA(G95),ISNA(H95)),NA(),G95*H95) -> 2.6423262 | J95: =IF(OR(ISNA(G95),ISNA(I95)),NA(),G95+I95) -> 11.867855 | K95: =Z95*0.47*(44/12) -> 20.452271 | Q95: =A95&"|"&B95 -> Mango|14 | Y95: =Y94*(1-AB2) + MAX(0,J94-J95) -> 0 | Z95: =J95+Y95 -> 11.867855
A96: Mango | B96: 15 | C96: =INDEX($N$2:$N$6, MATCH(A96, $M$2:$M$6, 0)) -> 79 | D96: =IF(B96=1,INDEX($T$2:$T$6, MATCH(A96, $S$2:$S$6, 0)),INDEX($T$2:$T$6, MATCH(A96, $S$2:$S$6, 0))*POWER(INDEX($U$2:$U$6, MATCH(A96, $S$2:$S$6, 0)),MIN(B96-1,2))*POWER(INDEX($V$2:$V$6, MATCH(A96, $S$2:$S$6, 0)),MAX(MIN(B96-3,17),0))*POWER(INDEX($W$2:$W$6, MATCH(A96, $S$2:$S$6, 0)),MAX(B96-20,0))) -> 0.59997176 | E96: =C96*D96 -> 47.397769 | F96: =IFERROR(INDEX('3_GrowthInputs'!$F$2:$F$201, MATCH(Q96, '3_GrowthInputs'!$G$2:$G$201, 0)), NA()) -> 255.10634 | G96: =IF(OR(ISNA(E96),ISNA(F96)),NA(),E96*F96/1000) -> 12.091472 | H96: =IF(ISNA(G96),NA(),IF(G96>0,EXP(-1.085+0.9256*LN(G96))/G96,0)) -> 0.28070751 | I96: =IF(OR(ISNA(G96),ISNA(H96)),NA(),G96*H96) -> 3.3941669 | J96: =IF(OR(ISNA(G96),ISNA(I96)),NA(),G96+I96) -> 15.485638 | K96: =Z96*0.47*(44/12) -> 26.686917 | Q96: =A96&"|"&B96 -> Mango|15 | Y96: =Y95*(1-AB2) + MAX(0,J95-J96) -> 0 | Z96: =J96+Y96 -> 15.485638
A97: Mango | B97: 16 | C97: =INDEX($N$2:$N$6, MATCH(A97, $M$2:$M$6, 0)) -> 79 | D97: =IF(B97=1,INDEX($T$2:$T$6, MATCH(A97, $S$2:$S$6, 0)),INDEX($T$2:$T$6, MATCH(A97, $S$2:$S$6, 0))*POWER(INDEX($U$2:$U$6, MATCH(A97, $S$2:$S$6, 0)),MIN(B97-1,2))*POWER(INDEX($V$2:$V$6, MATCH(A97, $S$2:$S$6, 0)),MAX(MIN(B97-3,17),0))*POWER(INDEX($W$2:$W$6, MATCH(A97, $S$2:$S$6, 0)),MAX(B97-20,0))) -> 0.59397204 | E97: =C97*D97 -> 46.923791 | F97: =IFERROR(INDEX('3_GrowthInputs'!$F$2:$F$201, MATCH(Q97, '3_GrowthInputs'!$G$2:$G$201, 0)), NA()) -> 333.42702 | G97: =IF(OR(ISNA(E97),ISNA(F97)),NA(),E97*F97/1000) -> 15.64566 | H97: =IF(ISNA(G97),NA(),IF(G97>0,EXP(-1.085+0.9256*LN(G97))/G97,0)) -> 0.27537695 | I97: =IF(OR(ISNA(G97),ISNA(H97)),NA(),G97*H97) -> 4.308454 | J97: =IF(OR(ISNA(G97),ISNA(I97)),NA(),G97+I97) -> 19.954114 | K97: =Z97*0.47*(44/12) -> 34.38759 | Q97: =A97&"|"&B97 -> Mango|16 | Y97: =Y96*(1-AB2) + MAX(0,J96-J97) -> 0 | Z97: =J97+Y97 -> 19.954114
A98: Mango | B98: 17 | C98: =INDEX($N$2:$N$6, MATCH(A98, $M$2:$M$6, 0)) -> 79 | D98: =IF(B98=1,INDEX($T$2:$T$6, MATCH(A98, $S$2:$S$6, 0)),INDEX($T$2:$T$6, MATCH(A98, $S$2:$S$6, 0))*POWER(INDEX($U$2:$U$6, MATCH(A98, $S$2:$S$6, 0)),MIN(B98-1,2))*POWER(INDEX($V$2:$V$6, MATCH(A98, $S$2:$S$6, 0)),MAX(MIN(B98-3,17),0))*POWER(INDEX($W$2:$W$6, MATCH(A98, $S$2:$S$6, 0)),MAX(B98-20,0))) -> 0.58803232 | E98: =C98*D98 -> 46.454553 | F98: =IFERROR(INDEX('3_GrowthInputs'!$F$2:$F$201, MATCH(Q98, '3_GrowthInputs'!$G$2:$G$201, 0)), NA()) -> 429.93245 | G98: =IF(OR(ISNA(E98),ISNA(F98)),NA(),E98*F98/1000) -> 19.97232 | H98: =IF(ISNA(G98),NA(),IF(G98>0,EXP(-1.085+0.9256*LN(G98))/G98,0)) -> 0.27041987 | I98: =IF(OR(ISNA(G98),ISNA(H98)),NA(),G98*H98) -> 5.4009122 | J98: =IF(OR(ISNA(G98),ISNA(I98)),NA(),G98+I98) -> 25.373232 | K98: =Z98*0.47*(44/12) -> 43.726536 | Q98: =A98&"|"&B98 -> Mango|17 | Y98: =Y97*(1-AB2) + MAX(0,J97-J98) -> 0 | Z98: =J98+Y98 -> 25.373232
A99: Mango | B99: 18 | C99: =INDEX($N$2:$N$6, MATCH(A99, $M$2:$M$6, 0)) -> 79 | D99: =IF(B99=1,INDEX($T$2:$T$6, MATCH(A99, $S$2:$S$6, 0)),INDEX($T$2:$T$6, MATCH(A99, $S$2:$S$6, 0))*POWER(INDEX($U$2:$U$6, MATCH(A99, $S$2:$S$6, 0)),MIN(B99-1,2))*POWER(INDEX($V$2:$V$6, MATCH(A99, $S$2:$S$6, 0)),MAX(MIN(B99-3,17),0))*POWER(INDEX($W$2:$W$6, MATCH(A99, $S$2:$S$6, 0)),MAX(B99-20,0))) -> 0.582152 | E99: =C99*D99 -> 45.990008 | F99: =IFERROR(INDEX('3_GrowthInputs'!$F$2:$F$201, MATCH(Q99, '3_GrowthInputs'!$G$2:$G$201, 0)), NA()) -> 546.56942 | G99: =IF(OR(ISNA(E99),ISNA(F99)),NA(),E99*F99/1000) -> 25.136732 | H99: =IF(ISNA(G99),NA(),IF(G99>0,EXP(-1.085+0.9256*LN(G99))/G99,0)) -> 0.26583215 | I99: =IF(OR(ISNA(G99),ISNA(H99)),NA(),G99*H99) -> 6.6821517 | J99: =IF(OR(ISNA(G99),ISNA(I99)),NA(),G99+I99) -> 31.818884 | K99: =Z99*0.47*(44/12) -> 54.834543 | Q99: =A99&"|"&B99 -> Mango|18 | Y99: =Y98*(1-AB2) + MAX(0,J98-J99) -> 0 | Z99: =J99+Y99 -> 31.818884
A100: Mango | B100: 19 | C100: =INDEX($N$2:$N$6, MATCH(A100, $M$2:$M$6, 0)) -> 79 | D100: =IF(B100=1,INDEX($T$2:$T$6, MATCH(A100, $S$2:$S$6, 0)),INDEX($T$2:$T$6, MATCH(A100, $S$2:$S$6, 0))*POWER(INDEX($U$2:$U$6, MATCH(A100, $S$2:$S$6, 0)),MIN(B100-1,2))*POWER(INDEX($V$2:$V$6, MATCH(A100, $S$2:$S$6, 0)),MAX(MIN(B100-3,17),0))*POWER(INDEX($W$2:$W$6, MATCH(A100, $S$2:$S$6, 0)),MAX(B100-20,0))) -> 0.57633048 | E100: =C100*D100 -> 45.530108 | F100: =IFERROR(INDEX('3_GrowthInputs'!$F$2:$F$201, MATCH(Q100, '3_GrowthInputs'!$G$2:$G$201, 0)), NA()) -> 684.68671 | G100: =IF(OR(ISNA(E100),ISNA(F100)),NA(),E100*F100/1000) -> 31.17386 | H100: =IF(ISNA(G100),NA(),IF(G100>0,EXP(-1.085+0.9256*LN(G100))/G100,0)) -> 0.26160887 | I100: =IF(OR(ISNA(G100),ISNA(H100)),NA(),G100*H100) -> 8.1553582 | J100: =IF(OR(ISNA(G100),ISNA(I100)),NA(),G100+I100) -> 39.329218 | K100: =Z100*0.47*(44/12) -> 67.777352 | Q100: =A100&"|"&B100 -> Mango|19 | Y100: =Y99*(1-AB2) + MAX(0,J99-J100) -> 0 | Z100: =J100+Y100 -> 39.329218
...

Sheet 5_Eq49_Output
A1: Eq49-ready: annual total tree CO2e stock and annual change | F1: Total agroforestry area (ha) | G1: 8000
A2: Year (t) | B2: Total tree CO2e stock (t CO2e) | C2: ΔCTREE,wp,t (t CO2e/yr) | D2: ΔCTREE,wp,t per ha (t CO2e/ha/yr) | F2: Total ERRs (t CO2e) | H2: Species | I2: Area_ha
A3: 1 | B3: ='4_BiomassPerHa'!$K$2*INDEX($I$3:$I$7,MATCH("Cashew",$H$3:$H$7,0))+'4_BiomassPerHa'!$K$42*INDEX($I$3:$I$7,MATCH("Dawadawa",$H$3:$H$7,0))+'4_BiomassPerHa'!$K$82*INDEX($I$3:$I$7,MATCH("Mango",$H$3:$H$7,0))+'4_BiomassPerHa'!$K$122*INDEX($I$3:$I$7,MATCH("Moringa",$H$3:$H$7,0))+'4_BiomassPerHa'!$K$162*INDEX($I$3:$I$7,MATCH("Shea",$H$3:$H$7,0)) -> 384.99197 | C3: =B3 -> 384.99197 | D3: =C3/G1 -> 0.048123997 | F3: =D3*$G$1 -> 384.99197 | H3: Cashew | I3: 4444.4444
A4: 2 | B4: ='4_BiomassPerHa'!$K$3*INDEX($I$3:$I$7,MATCH("Cashew",$H$3:$H$7,0))+'4_BiomassPerHa'!$K$43*INDEX($I$3:$I$7,MATCH("Dawadawa",$H$3:$H$7,0))+'4_BiomassPerHa'!$K$83*INDEX($I$3:$I$7,MATCH("Mango",$H$3:$H$7,0))+'4_BiomassPerHa'!$K$123*INDEX($I$3:$I$7,MATCH("Moringa",$H$3:$H$7,0))+'4_BiomassPerHa'!$K$163*INDEX($I$3:$I$7,MATCH("Shea",$H$3:$H$7,0)) -> 747.05794 | C4: =B4-B3 -> 362.06597 | D4: =C4/G1 -> 0.045258246 | F4: =D4*$G$1 -> 362.06597 | H4: Dawadawa | I4: 222.22222
A5: 3 | B5: ='4_BiomassPerHa'!$K$4*INDEX($I$3:$I$7,MATCH("Cashew",$H$3:$H$7,0))+'4_BiomassPerHa'!$K$44*INDEX($I$3:$I$7,MATCH("Dawadawa",$H$3:$H$7,0))+'4_BiomassPerHa'!$K$84*INDEX($I$3:$I$7,MATCH("Mango",$H$3:$H$7,0))+'4_BiomassPerHa'!$K$124*INDEX($I$3:$I$7,MATCH("Moringa",$H$3:$H$7,0))+'4_BiomassPerHa'!$K$164*INDEX($I$3:$I$7,MATCH("Shea",$H$3:$H$7,0)) -> 1241.8451 | C5: =B5-B4 -> 494.78713 | D5: =C5/G1 -> 0.061848391 | F5: =D5*$G$1 -> 494.78713 | H5: Mango | I5: 1111.1111
A6: 4 | B6: ='4_BiomassPerHa'!$K$5*INDEX($I$3:$I$7,MATCH("Cashew",$H$3:$H$7,0))+'4_BiomassPerHa'!$K$45*INDEX($I$3:$I$7,MATCH("Dawadawa",$H$3:$H$7,0))+'4_BiomassPerHa'!$K$85*INDEX($I$3:$I$7,MATCH("Mango",$H$3:$H$7,0))+'4_BiomassPerHa'!$K$125*INDEX($I$3:$I$7,MATCH("Moringa",$H$3:$H$7,0))+'4_BiomassPerHa'!$K$165*INDEX($I$3:$I$7,MATCH("Shea",$H$3:$H$7,0)) -> 2281.8468 | C6: =B6-B5 -> 1040.0017 | D6: =C6/G1 -> 0.13000021 | F6: =D6*$G$1 -> 1040.0017 | H6: Moringa | I6: 1111.1111
A7: 5 | B7: ='4_BiomassPerHa'!$K$6*INDEX($I$3:$I$7,MATCH("Cashew",$H$3:$H$7,0))+'4_BiomassPerHa'!$K$46*INDEX($I$3:$I$7,MATCH("Dawadawa",$H$3:$H$7,0))+'4_BiomassPerHa'!$K$86*INDEX($I$3:$I$7,MATCH("Mango",$H$3:$H$7,0))+'4_BiomassPerHa'!$K$126*INDEX($I$3:$I$7,MATCH("Moringa",$H$3:$H$7,0))+'4_BiomassPerHa'!$K$166*INDEX($I$3:$I$7,MATCH("Shea",$H$3:$H$7,0)) -> 4341.9347 | C7: =B7-B6 -> 2060.0879 | D7: =C7/G1 -> 0.25751098 | F7: =D7*$G$1 -> 2060.0879 | H7: Shea | I7: 1111.1111
A8: 6 | B8: ='4_BiomassPerHa'!$K$7*INDEX($I$3:$I$7,MATCH("Cashew",$H$3:$H$7,0))+'4_BiomassPerHa'!$K$47*INDEX($I$3:$I$7,MATCH("Dawadawa",$H$3:$H$7,0))+'4_BiomassPerHa'!$K$87*INDEX($I$3:$I$7,MATCH("Mango",$H$3:$H$7,0))+'4_BiomassPerHa'!$K$127*INDEX($I$3:$I$7,MATCH("Moringa",$H$3:$H$7,0))+'4_BiomassPerHa'!$K$167*INDEX($I$3:$I$7,MATCH("Shea",$H$3:$H$7,0)) -> 8191.7882 | C8: =B8-B7 -> 3849.8535 | D8: =C8/G1 -> 0.48123169 | F8: =D8*$G$1 -> 3849.8535
A9: 7 | B9: ='4_BiomassPerHa'!$K$8*INDEX($I$3:$I$7,MATCH("Cashew",$H$3:$H$7,0))+'4_BiomassPerHa'!$K$48*INDEX($I$3:$I$7,MATCH("Dawadawa",$H$3:$H$7,0))+'4_BiomassPerHa'!$K$88*INDEX($I$3:$I$7,MATCH("Mango",$H$3:$H$7,0))+'4_BiomassPerHa'!$K$128*INDEX($I$3:$I$7,MATCH("Moringa",$H$3:$H$7,0))+'4_BiomassPerHa'!$K$168*INDEX($I$3:$I$7,MATCH("Shea",$H$3:$H$7,0)) -> 14580.189 | C9: =B9-B8 -> 6388.4003 | D9: =C9/G1 -> 0.79855004 | F9: =D9*$G$1 -> 6388.4003
A10: 8 | B10: ='4_BiomassPerHa'!$K$9*INDEX($I$3:$I$7,MATCH("Cashew",$H$3:$H$7,0))+'4_BiomassPerHa'!$K$49*INDEX($I$3:$I$7,MATCH("Dawadawa",$H$3:$H$7,0))+'4_BiomassPerHa'!$K$89*INDEX($I$3:$I$7,MATCH("Mango",$H$3:$H$7,0))+'4_BiomassPerHa'!$K$129*INDEX($I$3:$I$7,MATCH("Moringa",$H$3:$H$7,0))+'4_BiomassPerHa'!$K$169*INDEX($I$3:$I$7,MATCH("Shea",$H$3:$H$7,0)) -> 23580.345 | C10: =B10-B9 -> 9000.1569 | D10: =C10/G1 -> 1.1250196 | F10: =D10*$G$1 -> 9000.1569
A11: 9 | B11: ='4_BiomassPerHa'!$K$10*INDEX($I$3:$I$7,MATCH("Cashew",$H$3:$H$7,0))+'4_BiomassPerHa'!$K$50*INDEX($I$3:$I$7,MATCH("Dawadawa",$H$3:$H$7,0))+'4_BiomassPerHa'!$K$90*INDEX($I$3:$I$7,MATCH("Mango",$H$3:$H$7,0))+'4_BiomassPerHa'!$K$130*INDEX($I$3:$I$7,MATCH("Moringa",$H$3:$H$7,0))+'4_BiomassPerHa'!$K$170*INDEX($I$3:$I$7,MATCH("Shea",$H$3:$H$7,0)) -> 34264.249 | C11: =B11-B10 -> 10683.904 | D11: =C11/G1 -> 1.335488 | F11: =D11*$G$1 -> 10683.904
A12: 10 | B12: ='4_BiomassPerHa'!$K$11*INDEX($I$3:$I$7,MATCH("Cashew",$H$3:$H$7,0))+'4_BiomassPerHa'!$K$51*INDEX($I$3:$I$7,MATCH("Dawadawa",$H$3:$H$7,0))+'4_BiomassPerHa'!$K$91*INDEX($I$3:$I$7,MATCH("Mango",$H$3:$H$7,0))+'4_BiomassPerHa'!$K$131*INDEX($I$3:$I$7,MATCH("Moringa",$H$3:$H$7,0))+'4_BiomassPerHa'!$K$171*INDEX($I$3:$I$7,MATCH("Shea",$H$3:$H$7,0)) -> 45390.938 | C12: =B12-B11 -> 11126.688 | D12: =C12/G1 -> 1.390836 | F12: =D12*$G$1 -> 11126.688
A13: 11 | B13: ='4_BiomassPerHa'!$K$12*INDEX($I$3:$I$7,MATCH("Cashew",$H$3:$H$7,0))+'4_BiomassPerHa'!$K$52*INDEX($I$3:$I$7,MATCH("Dawadawa",$H$3:$H$7,0))+'4_BiomassPerHa'!$K$92*INDEX($I$3:$I$7,MATCH("Mango",$H$3:$H$7,0))+'4_BiomassPerHa'!$K$132*INDEX($I$3:$I$7,MATCH("Moringa",$H$3:$H$7,0))+'4_BiomassPerHa'!$K$172*INDEX($I$3:$I$7,MATCH("Shea",$H$3:$H$7,0)) -> 56320.952 | C13: =B13-B12 -> 10930.015 | D13: =C13/G1 -> 1.3662518 | F13: =D13*$G$1 -> 10930.015
A14: 12 | B14: ='4_BiomassPerHa'!$K$13*INDEX($I$3:$I$7,MATCH("Cashew",$H$3:$H$7,0))+'4_BiomassPerHa'!$K$53*INDEX($I$3:$I$7,MATCH("Dawadawa",$H$3:$H$7,0))+'4_BiomassPerHa'!$K$93*INDEX($I$3:$I$7,MATCH("Mango",$H$3:$H$7,0))+'4_BiomassPerHa'!$K$133*INDEX($I$3:$I$7,MATCH("Moringa",$H$3:$H$7,0))+'4_BiomassPerHa'!$K$173*INDEX($I$3:$I$7,MATCH("Shea",$H$3:$H$7,0)) -> 67237.602 | C14: =B14-B13 -> 10916.649 | D14: =C14/G1 -> 1.3645812 | F14: =D14*$G$1 -> 10916.649
A15: 13 | B15: ='4_BiomassPerHa'!$K$14*INDEX($I$3:$I$7,MATCH("Cashew",$H$3:$H$7,0))+'4_BiomassPerHa'!$K$54*INDEX($I$3:$I$7,MATCH("Dawadawa",$H$3:$H$7,0))+'4_BiomassPerHa'!$K$94*INDEX($I$3:$I$7,MATCH("Mango",$H$3:$H$7,0))+'4_BiomassPerHa'!$K$134*INDEX($I$3:$I$7,MATCH("Moringa",$H$3:$H$7,0))+'4_BiomassPerHa'!$K$174*INDEX($I$3:$I$7,MATCH("Shea",$H$3:$H$7,0)) -> 78755.074 | C15: =B15-B14 -> 11517.473 | D15: =C15/G1 -> 1.4396841 | F15: =D15*$G$1 -> 11517.473
A16: 14 | B16: ='4_BiomassPerHa'!$K$15*INDEX($I$3:$I$7,MATCH("Cashew",$H$3:$H$7,0))+'4_BiomassPerHa'!$K$55*INDEX($I$3:$I$7,MATCH("Dawadawa",$H$3:$H$7,0))+'4_BiomassPerHa'!$K$95*INDEX($I$3:$I$7,MATCH("Mango",$H$3:$H$7,0))+'4_BiomassPerHa'!$K$135*INDEX($I$3:$I$7,MATCH("Moringa",$H$3:$H$7,0))+'4_BiomassPerHa'!$K$175*INDEX($I$3:$I$7,MATCH("Shea",$H$3:$H$7,0)) -> 91527.727 | C16: =B16-B15 -> 12772.652 | D16: =C16/G1 -> 1.5965815 | F16: =D16*$G$1 -> 12772.652
A17: 15 | B17: ='4_BiomassPerHa'!$K$16*INDEX($I$3:$I$7,MATCH("Cashew",$H$3:$H$7,0))+'4_BiomassPerHa'!$K$56*INDEX($I$3:$I$7,MATCH("Dawadawa",$H$3:$H$7,0))+'4_BiomassPerHa'!$K$96*INDEX($I$3:$I$7,MATCH("Mango",$H$3:$H$7,0))+'4_BiomassPerHa'!$K$136*INDEX($I$3:$I$7,MATCH("Moringa",$H$3:$H$7,0))+'4_BiomassPerHa'!$K$176*INDEX($I$3:$I$7,MATCH("Shea",$H$3:$H$7,0)) -> 106083.64 | C17: =B17-B16 -> 14555.913 | D17: =C17/G1 -> 1.8194892 | F17: =D17*$G$1 -> 14555.913
A18: 16 | B18: ='4_BiomassPerHa'!$K$17*INDEX($I$3:$I$7,MATCH("Cashew",$H$3:$H$7,0))+'4_BiomassPerHa'!$K$57*INDEX($I$3:$I$7,MATCH("Dawadawa",$H$3:$H$7,0))+'4_BiomassPerHa'!$K$97*INDEX($I$3:$I$7,MATCH("Mango",$H$3:$H$7,0))+'4_BiomassPerHa'!$K$137*INDEX($I$3:$I$7,MATCH("Moringa",$H$3:$H$7,0))+'4_BiomassPerHa'!$K$177*INDEX($I$3:$I$7,MATCH("Shea",$H$3:$H$7,0)) -> 122907.34 | C18: =B18-B17 -> 16823.699 | D18: =C18/G1 -> 2.1029624 | F18: =D18*$G$1 -> 16823.699
A19: 17 | B19: ='4_BiomassPerHa'!$K$18*INDEX($I$3:$I$7,MATCH("Cashew",$H$3:$H$7,0))+'4_BiomassPerHa'!$K$58*INDEX($I$3:$I$7,MATCH("Dawadawa",$H$3:$H$7,0))+'4_BiomassPerHa'!$K$98*INDEX($I$3:$I$7,MATCH("Mango",$H$3:$H$7,0))+'4_BiomassPerHa'!$K$138*INDEX($I$3:$I$7,MATCH("Moringa",$H$3:$H$7,0))+'4_BiomassPerHa'!$K$178*INDEX($I$3:$I$7,MATCH("Shea",$H$3:$H$7,0)) -> 142227.59 | C19: =B19-B18 -> 19320.256 | D19: =C19/G1 -> 2.415032 | F19: =D19*$G$1 -> 19320.256
A20: 18 | B20: ='4_BiomassPerHa'!$K$19*INDEX($I$3:$I$7,MATCH("Cashew",$H$3:$H$7,0))+'4_BiomassPerHa'!$K$59*INDEX($I$3:$I$7,MATCH("Dawadawa",$H$3:$H$7,0))+'4_BiomassPerHa'!$K$99*INDEX($I$3:$I$7,MATCH("Mango",$H$3:$H$7,0))+'4_BiomassPerHa'!$K$139*INDEX($I$3:$I$7,MATCH("Moringa",$H$3:$H$7,0))+'4_BiomassPerHa'!$K$179*INDEX($I$3:$I$7,MATCH("Shea",$H$3:$H$7,0)) -> 164015.27 | C20: =B20-B19 -> 21787.679 | D20: =C20/G1 -> 2.7234599 | F20: =D20*$G$1 -> 21787.679
A21: 19 | B21: ='4_BiomassPerHa'!$K$20*INDEX($I$3:$I$7,MATCH("Cashew",$H$3:$H$7,0))+'4_BiomassPerHa'!$K$60*INDEX($I$3:$I$7,MATCH("Dawadawa",$H$3:$H$7,0))+'4_BiomassPerHa'!$K$100*INDEX($I$3:$I$7,MATCH("Mango",$H$3:$H$7,0))+'4_BiomassPerHa'!$K$140*INDEX($I$3:$I$7,MATCH("Moringa",$H$3:$H$7,0))+'4_BiomassPerHa'!$K$180*INDEX($I$3:$I$7,MATCH("Shea",$H$3:$H$7,0)) -> 188151.76 | C21: =B21-B20 -> 24136.489 | D21: =C21/G1 -> 3.0170611 | F21: =D21*$G$1 -> 24136.489
A22: 20 | B22: ='4_BiomassPerHa'!$K$21*INDEX($I$3:$I$7,MATCH("Cashew",$H$3:$H$7,0))+'4_BiomassPerHa'!$K$61*INDEX($I$3:$I$7,MATCH("Dawadawa",$H$3:$H$7,0))+'4_BiomassPerHa'!$K$101*INDEX($I$3:$I$7,MATCH("Mango",$H$3:$H$7,0))+'4_BiomassPerHa'!$K$141*INDEX($I$3:$I$7,MATCH("Moringa",$H$3:$H$7,0))+'4_BiomassPerHa'!$K$181*INDEX($I$3:$I$7,MATCH("Shea",$H$3:$H$7,0)) -> 214464.54 | C22: =B22-B21 -> 26312.782 | D22: =C22/G1 -> 3.2890978 | F22: =D22*$G$1 -> 26312.782
A23: 21 | B23: ='4_BiomassPerHa'!$K$22*INDEX($I$3:$I$7,MATCH("Cashew",$H$3:$H$7,0))+'4_BiomassPerHa'!$K$62*INDEX($I$3:$I$7,MATCH("Dawadawa",$H$3:$H$7,0))+'4_BiomassPerHa'!$K$102*INDEX($I$3:$I$7,MATCH("Mango",$H$3:$H$7,0))+'4_BiomassPerHa'!$K$142*INDEX($I$3:$I$7,MATCH("Moringa",$H$3:$H$7,0))+'4_BiomassPerHa'!$K$182*INDEX($I$3:$I$7,MATCH("Shea",$H$3:$H$7,0)) -> 241691.87 | C23: =B23-B22 -> 27227.323 | D23: =C23/G1 -> 3.4034153 | F23: =D23*$G$1 -> 27227.323
A24: 22 | B24: ='4_BiomassPerHa'!$K$23*INDEX($I$3:$I$7,MATCH("Cashew",$H$3:$H$7,0))+'4_BiomassPerHa'!$K$63*INDEX($I$3:$I$7,MATCH("Dawadawa",$H$3:$H$7,0))+'4_BiomassPerHa'!$K$103*INDEX($I$3:$I$7,MATCH("Mango",$H$3:$H$7,0))+'4_BiomassPerHa'!$K$143*INDEX($I$3:$I$7,MATCH("Moringa",$H$3:$H$7,0))+'4_BiomassPerHa'!$K$183*INDEX($I$3:$I$7,MATCH("Shea",$H$3:$H$7,0)) -> 270183.59 | C24: =B24-B23 -> 28491.721 | D24: =C24/G1 -> 3.5614652 | F24: =D24*$G$1 -> 28491.721
A25: 23 | B25: ='4_BiomassPerHa'!$K$24*INDEX($I$3:$I$7,MATCH("Cashew",$H$3:$H$7,0))+'4_BiomassPerHa'!$K$64*INDEX($I$3:$I$7,MATCH("Dawadawa",$H$3:$H$7,0))+'4_BiomassPerHa'!$K$104*INDEX($I$3:$I$7,MATCH("Mango",$H$3:$H$7,0))+'4_BiomassPerHa'!$K$144*INDEX($I$3:$I$7,MATCH("Moringa",$H$3:$H$7,0))+'4_BiomassPerHa'!$K$184*INDEX($I$3:$I$7,MATCH("Shea",$H$3:$H$7,0)) -> 299570.36 | C25: =B25-B24 -> 29386.768 | D25: =C25/G1 -> 3.673346 | F25: =D25*$G$1 -> 29386.768
A26: 24 | B26: ='4_BiomassPerHa'!$K$25*INDEX($I$3:$I$7,MATCH("Cashew",$H$3:$H$7,0))+'4_BiomassPerHa'!$K$65*INDEX($I$3:$I$7,MATCH("Dawadawa",$H$3:$H$7,0))+'4_BiomassPerHa'!$K$105*INDEX($I$3:$I$7,MATCH("Mango",$H$3:$H$7,0))+'4_BiomassPerHa'!$K$145*INDEX($I$3:$I$7,MATCH("Moringa",$H$3:$H$7,0))+'4_BiomassPerHa'!$K$185*INDEX($I$3:$I$7,MATCH("Shea",$H$3:$H$7,0)) -> 329433.51 | C26: =B26-B25 -> 29863.152 | D26: =C26/G1 -> 3.7328941 | F26: =D26*$G$1 -> 29863.152
A27: 25 | B27: ='4_BiomassPerHa'!$K$26*INDEX($I$3:$I$7,MATCH("Cashew",$H$3:$H$7,0))+'4_BiomassPerHa'!$K$66*INDEX($I$3:$I$7,MATCH("Dawadawa",$H$3:$H$7,0))+'4_BiomassPerHa'!$K$106*INDEX($I$3:$I$7,MATCH("Mango",$H$3:$H$7,0))+'4_BiomassPerHa'!$K$146*INDEX($I$3:$I$7,MATCH("Moringa",$H$3:$H$7,0))+'4_BiomassPerHa'!$K$186*INDEX($I$3:$I$7,MATCH("Shea",$H$3:$H$7,0)) -> 359337.84 | C27: =B27-B26 -> 29904.336 | D27: =C27/G1 -> 3.738042 | F27: =D27*$G$1 -> 29904.336
A28: 26 | B28: ='4_BiomassPerHa'!$K$27*INDEX($I$3:$I$7,MATCH("Cashew",$H$3:$H$7,0))+'4_BiomassPerHa'!$K$67*INDEX($I$3:$I$7,MATCH("Dawadawa",$H$3:$H$7,0))+'4_BiomassPerHa'!$K$107*INDEX($I$3:$I$7,MATCH("Mango",$H$3:$H$7,0))+'4_BiomassPerHa'!$K$147*INDEX($I$3:$I$7,MATCH("Moringa",$H$3:$H$7,0))+'4_BiomassPerHa'!$K$187*INDEX($I$3:$I$7,MATCH("Shea",$H$3:$H$7,0)) -> 388873.93 | C28: =B28-B27 -> 29536.086 | D28: =C28/G1 -> 3.6920107 | F28: =D28*$G$1 -> 29536.086
A29: 27 | B29: ='4_BiomassPerHa'!$K$28*INDEX($I$3:$I$7,MATCH("Cashew",$H$3:$H$7,0))+'4_BiomassPerHa'!$K$68*INDEX($I$3:$I$7,MATCH("Dawadawa",$H$3:$H$7,0))+'4_BiomassPerHa'!$K$108*INDEX($I$3:$I$7,MATCH("Mango",$H$3:$H$7,0))+'4_BiomassPerHa'!$K$148*INDEX($I$3:$I$7,MATCH("Moringa",$H$3:$H$7,0))+'4_BiomassPerHa'!$K$188*INDEX($I$3:$I$7,MATCH("Shea",$H$3:$H$7,0)) -> 417659.54 | C29: =B29-B28 -> 28785.609 | D29: =C29/G1 -> 3.5982011 | F29: =D29*$G$1 -> 28785.609
A30: 28 | B30: ='4_BiomassPerHa'!$K$29*INDEX($I$3:$I$7,MATCH("Cashew",$H$3:$H$7,0))+'4_BiomassPerHa'!$K$69*INDEX($I$3:$I$7,MATCH("Dawadawa",$H$3:$H$7,0))+'4_BiomassPerHa'!$K$109*INDEX($I$3:$I$7,MATCH("Mango",$H$3:$H$7,0))+'4_BiomassPerHa'!$K$149*INDEX($I$3:$I$7,MATCH("Moringa",$H$3:$H$7,0))+'4_BiomassPerHa'!$K$189*INDEX($I$3:$I$7,MATCH("Shea",$H$3:$H$7,0)) -> 445370.24 | C30: =B30-B29 -> 27710.701 | D30: =C30/G1 -> 3.4638376 | F30: =D30*$G$1 -> 27710.701
A31: 29 | B31: ='4_BiomassPerHa'!$K$30*INDEX($I$3:$I$7,MATCH("Cashew",$H$3:$H$7,0))+'4_BiomassPerHa'!$K$70*INDEX($I$3:$I$7,MATCH("Dawadawa",$H$3:$H$7,0))+'4_BiomassPerHa'!$K$110*INDEX($I$3:$I$7,MATCH("Mango",$H$3:$H$7,0))+'4_BiomassPerHa'!$K$150*INDEX($I$3:$I$7,MATCH("Moringa",$H$3:$H$7,0))+'4_BiomassPerHa'!$K$190*INDEX($I$3:$I$7,MATCH("Shea",$H$3:$H$7,0)) -> 471725.85 | C31: =B31-B30 -> 26355.612 | D31: =C31/G1 -> 3.2944515 | F31: =D31*$G$1 -> 26355.612
A32: 30 | B32: ='4_BiomassPerHa'!$K$31*INDEX($I$3:$I$7,MATCH("Cashew",$H$3:$H$7,0))+'4_BiomassPerHa'!$K$71*INDEX($I$3:$I$7,MATCH("Dawadawa",$H$3:$H$7,0))+'4_BiomassPerHa'!$K$111*INDEX($I$3:$I$7,MATCH("Mango",$H$3:$H$7,0))+'4_BiomassPerHa'!$K$151*INDEX($I$3:$I$7,MATCH("Moringa",$H$3:$H$7,0))+'4_BiomassPerHa'!$K$191*INDEX($I$3:$I$7,MATCH("Shea",$H$3:$H$7,0)) -> 496556.5 | C32: =B32-B31 -> 24830.649 | D32: =C32/G1 -> 3.1038311 | F32: =D32*$G$1 -> 24830.649
A33: 31 | B33: ='4_BiomassPerHa'!$K$32*INDEX($I$3:$I$7,MATCH("Cashew",$H$3:$H$7,0))+'4_BiomassPerHa'!$K$72*INDEX($I$3:$I$7,MATCH("Dawadawa",$H$3:$H$7,0))+'4_BiomassPerHa'!$K$112*INDEX($I$3:$I$7,MATCH("Mango",$H$3:$H$7,0))+'4_BiomassPerHa'!$K$152*INDEX($I$3:$I$7,MATCH("Moringa",$H$3:$H$7,0))+'4_BiomassPerHa'!$K$192*INDEX($I$3:$I$7,MATCH("Shea",$H$3:$H$7,0)) -> 519738.18 | C33: =B33-B32 -> 23181.68 | D33: =C33/G1 -> 2.89771 | F33: =D33*$G$1 -> 23181.68
A34: 32 | B34: ='4_BiomassPerHa'!$K$33*INDEX($I$3:$I$7,MATCH("Cashew",$H$3:$H$7,0))+'4_BiomassPerHa'!$K$73*INDEX($I$3:$I$7,MATCH("Dawadawa",$H$3:$H$7,0))+'4_BiomassPerHa'!$K$113*INDEX($I$3:$I$7,MATCH("Mango",$H$3:$H$7,0))+'4_BiomassPerHa'!$K$153*INDEX($I$3:$I$7,MATCH("Moringa",$H$3:$H$7,0))+'4_BiomassPerHa'!$K$193*INDEX($I$3:$I$7,MATCH("Shea",$H$3:$H$7,0)) -> 541231.27 | C34: =B34-B33 -> 21493.091 | D34: =C34/G1 -> 2.6866364 | F34: =D34*$G$1 -> 21493.091
A35: 33 | B35: ='4_BiomassPerHa'!$K$34*INDEX($I$3:$I$7,MATCH("Cashew",$H$3:$H$7,0))+'4_BiomassPerHa'!$K$74*INDEX($I$3:$I$7,MATCH("Dawadawa",$H$3:$H$7,0))+'4_BiomassPerHa'!$K$114*INDEX($I$3:$I$7,MATCH("Mango",$H$3:$H$7,0))+'4_BiomassPerHa'!$K$154*INDEX($I$3:$I$7,MATCH("Moringa",$H$3:$H$7,0))+'4_BiomassPerHa'!$K$194*INDEX($I$3:$I$7,MATCH("Shea",$H$3:$H$7,0)) -> 561212.88 | C35: =B35-B34 -> 19981.61 | D35: =C35/G1 -> 2.4977012 | F35: =D35*$G$1 -> 19981.61
A36: 34 | B36: ='4_BiomassPerHa'!$K$35*INDEX($I$3:$I$7,MATCH("Cashew",$H$3:$H$7,0))+'4_BiomassPerHa'!$K$75*INDEX($I$3:$I$7,MATCH("Dawadawa",$H$3:$H$7,0))+'4_BiomassPerHa'!$K$115*INDEX($I$3:$I$7,MATCH("Mango",$H$3:$H$7,0))+'4_BiomassPerHa'!$K$155*INDEX($I$3:$I$7,MATCH("Moringa",$H$3:$H$7,0))+'4_BiomassPerHa'!$K$195*INDEX($I$3:$I$7,MATCH("Shea",$H$3:$H$7,0)) -> 579751.78 | C36: =B36-B35 -> 18538.903 | D36: =C36/G1 -> 2.3173629 | F36: =D36*$G$1 -> 18538.903
A37: 35 | B37: ='4_BiomassPerHa'!$K$36*INDEX($I$3:$I$7,MATCH("Cashew",$H$3:$H$7,0))+'4_BiomassPerHa'!$K$76*INDEX($I$3:$I$7,MATCH("Dawadawa",$H$3:$H$7,0))+'4_BiomassPerHa'!$K$116*INDEX($I$3:$I$7,MATCH("Mango",$H$3:$H$7,0))+'4_BiomassPerHa'!$K$156*INDEX($I$3:$I$7,MATCH("Moringa",$H$3:$H$7,0))+'4_BiomassPerHa'!$K$196*INDEX($I$3:$I$7,MATCH("Shea",$H$3:$H$7,0)) -> 596895.07 | C37: =B37-B36 -> 17143.289 | D37: =C37/G1 -> 2.1429111 | F37: =D37*$G$1 -> 17143.289
A38: 36 | B38: ='4_BiomassPerHa'!$K$37*INDEX($I$3:$I$7,MATCH("Cashew",$H$3:$H$7,0))+'4_BiomassPerHa'!$K$77*INDEX($I$3:$I$7,MATCH("Dawadawa",$H$3:$H$7,0))+'4_BiomassPerHa'!$K$117*INDEX($I$3:$I$7,MATCH("Mango",$H$3:$H$7,0))+'4_BiomassPerHa'!$K$157*INDEX($I$3:$I$7,MATCH("Moringa",$H$3:$H$7,0))+'4_BiomassPerHa'!$K$197*INDEX($I$3:$I$7,MATCH("Shea",$H$3:$H$7,0)) -> 612732.51 | C38: =B38-B37 -> 15837.432 | D38: =C38/G1 -> 1.979679 | F38: =D38*$G$1 -> 15837.432
A39: 37 | B39: ='4_BiomassPerHa'!$K$38*INDEX($I$3:$I$7,MATCH("Cashew",$H$3:$H$7,0))+'4_BiomassPerHa'!$K$78*INDEX($I$3:$I$7,MATCH("Dawadawa",$H$3:$H$7,0))+'4_BiomassPerHa'!$K$118*INDEX($I$3:$I$7,MATCH("Mango",$H$3:$H$7,0))+'4_BiomassPerHa'!$K$158*INDEX($I$3:$I$7,MATCH("Moringa",$H$3:$H$7,0))+'4_BiomassPerHa'!$K$198*INDEX($I$3:$I$7,MATCH("Shea",$H$3:$H$7,0)) -> 627398.82 | C39: =B39-B38 -> 14666.317 | D39: =C39/G1 -> 1.8332896 | F39: =D39*$G$1 -> 14666.317
A40: 38 | B40: ='4_BiomassPerHa'!$K$39*INDEX($I$3:$I$7,MATCH("Cashew",$H$3:$H$7,0))+'4_BiomassPerHa'!$K$79*INDEX($I$3:$I$7,MATCH("Dawadawa",$H$3:$H$7,0))+'4_BiomassPerHa'!$K$119*INDEX($I$3:$I$7,MATCH("Mango",$H$3:$H$7,0))+'4_BiomassPerHa'!$K$159*INDEX($I$3:$I$7,MATCH("Moringa",$H$3:$H$7,0))+'4_BiomassPerHa'!$K$199*INDEX($I$3:$I$7,MATCH("Shea",$H$3:$H$7,0)) -> 641011.36 | C40: =B40-B39 -> 13612.534 | D40: =C40/G1 -> 1.7015667 | F40: =D40*$G$1 -> 13612.534
A41: 39 | B41: ='4_BiomassPerHa'!$K$40*INDEX($I$3:$I$7,MATCH("Cashew",$H$3:$H$7,0))+'4_BiomassPerHa'!$K$80*INDEX($I$3:$I$7,MATCH("Dawadawa",$H$3:$H$7,0))+'4_BiomassPerHa'!$K$120*INDEX($I$3:$I$7,MATCH("Mango",$H$3:$H$7,0))+'4_BiomassPerHa'!$K$160*INDEX($I$3:$I$7,MATCH("Moringa",$H$3:$H$7,0))+'4_BiomassPerHa'!$K$200*INDEX($I$3:$I$7,MATCH("Shea",$H$3:$H$7,0)) -> 653723.38 | C41: =B41-B40 -> 12712.022 | D41: =C41/G1 -> 1.5890027 | F41: =D41*$G$1 -> 12712.022
A42: 40 | B42: ='4_BiomassPerHa'!$K$41*INDEX($I$3:$I$7,MATCH("Cashew",$H$3:$H$7,0))+'4_BiomassPerHa'!$K$81*INDEX($I$3:$I$7,MATCH("Dawadawa",$H$3:$H$7,0))+'4_BiomassPerHa'!$K$121*INDEX($I$3:$I$7,MATCH("Mango",$H$3:$H$7,0))+'4_BiomassPerHa'!$K$161*INDEX($I$3:$I$7,MATCH("Moringa",$H$3:$H$7,0))+'4_BiomassPerHa'!$K$201*INDEX($I$3:$I$7,MATCH("Shea",$H$3:$H$7,0)) -> 665661.83 | C42: =B42-B41 -> 11938.451 | D42: =C42/G1 -> 1.4923064 | F42: =D42*$G$1 -> 11938.451
F43: =SUM(F3:F42) -> 665661.83 | G43: Total
F44: =F43/A42 -> 16641.546 | G44: Avg/year

Sheet 6_Literature_Citations
A1: Literature & Assumptions | B1: Column1 | C1: Column2
A2: Biaou et al. (2018) | B2: Allometric models for estimating biomass stocks of Anacardium occidentale plantations in Benin (used here for ~15-year DBH/height anchor). | C2: https://www.researchgate.net/publication/ (see paper PDF if needed)
A3: Oguntunde et al. (2011) | B3: Influence of tree age and variety on allometric characteristics and water use of Mangifera indica L. growing in plantation (Ghana): height & stem diameter at age 2 and 33 used to anchor logistic growth. | C3: https://www.researchgate.net/publication/262911429_Influence_of_tree_age_and_variety_on_allometric_characteristics_and_water_use_of_Mangifera_indica_L_growing_in_plantation_Journal_of_Botany_Hindawi_Publishing_Corporation_Volume_2011_Article_ID_824201
A4: PROTA4U (Parkia biglobosa) | B4: Growth note: seedlings may reach 1 m in 1 year; young trees can reach 7 m in 6-year-old plantations (used to anchor height curve). | C4: https://prota.prota4u.org/protav8.asp?g=pe&p=Parkia+biglobosa
A5: Orwa et al. (2009) Agroforestry Database | B5: Moringa oleifera species profile: grows to ~8 m height and 60 cm DBH (used as max size bounds). | C5: https://apps.worldagroforestry.org/treedb/AFTPDFS/Moringa_oleifera.PDF
A6: Chave et al. (2014) pantropical allometry | B6: Allometry (working) | C6: AGB = 0.0673*(rho*D^2*H)^0.976
A7: AR-TOOL14 v4.1 | B7: BGB via root:shoot | C7: Rj(b)=EXP(-1.085+0.9256*LN(b))/b
A8: World Agroforestry Tree Database – Anacardium occidentale | B8: Wood density (candidate) | C8: rho for cashew
A9: World Agroforestry Tree Database – Mangifera indica | B9: Wood density (candidate) | C9: rho for mango
A10: CABI Compendium – Parkia biglobosa | B10: Wood density (candidate) | C10: rho for Parkia
A11: Dimobe et al. (2018) Vitellaria allometry | B11: Species allometry (candidate) | C11: AGB = 0.084*DBH^2.43 (as per Perplexity)
A12: Aabeyir et al. (2020) Ghana allometry | B12: Cashew allometry (candidate) | C12: AGB = 0.076*(DBH^2*H)^0.927 (as per Perplexity)
... A14: Moringa carbon sequestration study (Tibiri-Gobir) | B14: Moringa growth/biomass (candidate) | C14: Biomass stock ~3.4 tDM/ha at yr 3–5
A16: Equations implemented in Tab 3
A17: Species | B17: Equation (LaTeX) | C17: Notes / Source (to be finalized with PDFs)
A18: Cashew | B18: AGB_{\mathrm{tree}} = 0.076\cdot(DBH^{2}\cdot H)^{0.927} | C18: Perplexity summary cited Ghana allometry (Aabeyir et al., 2020) – verify in primary source.
A19: Shea | B19: AGB_{\mathrm{tree}} = 0.084\cdot DBH^{2.43} | C19: Perplexity summary cited Dimobe et al. (2018) – verify in primary source.
A20: Mango | B20: AGB_{\mathrm{tree}} = \exp(-2.43 + 2.51\ln(DBH)) | C20: Perplexity summary cited mango allometry (Ganeshamurthy et al.) – verify in primary source.
A21: Moringa + Parkia (Dawadawa) + others | B21: AGB_{\mathrm{tree}} = 0.0673\cdot(\rho\cdot DBH^{2}\cdot H)^{0.976} | C21: Pantropical placeholder (Chave et al., 2014) retained for species lacking a confirmed local equation.
A22: World Agroforestry (ICRAF) Tree Species Profile – Vitellaria paradoxa | B22: Mature DBH anchor (Shea) | C22: Mature bole diameter most frequently ~0.6 m (60 cm) used to anchor DBH(t) at year 40
